date,timestamp,code,name,ticker,currency,price_date,close,prev_close,chg_pct,shares,shares_source,mcap_local,fx,fx_source,mcap_twd,prev_mcap_twd,method
2025-09-30,2025-09-30 16:45:00,FHH,鴻海精密,2317.TW,TWD,2025-09-30,216.0,,,14011672693,current,3026521301688,1.0,—,3026521301688,,backfill_est
2025-09-30,2025-09-30 16:45:00,FIH,富智康,2038.HK,HKD,2025-09-30,17.54,17.05,2.874,782836330,current,13730949945,3.9135,Yahoo 歷史匯率（回補）,53736374760,52235182488,backfill_est
2025-09-30,2025-09-30 16:45:00,FII,工業富聯,601138.SS,CNY,2025-09-30,66.01,66.58,-0.856,19844092284,current,1309908574058,4.2782,Yahoo 歷史匯率（回補）,5604047783409,5652439018418,backfill_est
2025-09-30,2025-09-30 16:45:00,FIT,鴻騰精密,6088.HK,HKD,2025-09-30,6.38,6.19,3.069,7110873347,current,45367372768,3.9135,Yahoo 歷史匯率（回補）,177546211639,172258783776,backfill_est
2025-09-30,2025-09-30 16:45:00,FVT,鴻華先進,2258.TW,TWD,2025-09-30,39.15,,,1744325100,current,68290330327,1.0,—,68290330327,,backfill_est
2025-10-01,2025-10-01 16:45:00,FHH,鴻海精密,2317.TW,TWD,2025-10-01,219.0,216.0,1.389,14011672693,current,3068556319767,1.0,—,3068556319767,3026521301688,backfill_est
2025-10-01,2025-10-01 16:45:00,FIH,富智康,2038.HK,HKD,2025-10-01,17.54,17.54,0.0,782836330,current,13730949945,3.9116,Yahoo 歷史匯率（回補）,53709762742,53709762742,backfill_est
2025-10-01,2025-10-01 16:45:00,FII,工業富聯,601138.SS,CNY,2025-10-01,66.01,66.01,0.0,19844092284,current,1309908574058,4.2762,Yahoo 歷史匯率（回補）,5601400298492,5601400298492,backfill_est
2025-10-01,2025-10-01 16:45:00,FIT,鴻騰精密,6088.HK,HKD,2025-10-01,6.38,6.38,0.0,7110873347,current,45367372768,3.9116,Yahoo 歷史匯率（回補）,177458284924,177458284924,backfill_est
2025-10-01,2025-10-01 16:45:00,FVT,鴻華先進,2258.TW,TWD,2025-10-01,39.05,39.15,-0.255,1744325100,current,68115893824,1.0,—,68115893824,68290330327,backfill_est
2025-10-02,2025-10-02 16:45:00,FHH,鴻海精密,2317.TW,TWD,2025-10-02,225.5,219.0,2.968,14011672693,current,3159632192272,1.0,—,3159632192272,3068556319767,backfill_est
2025-10-02,2025-10-02 16:45:00,FIH,富智康,2038.HK,HKD,2025-10-02,18.96,17.54,8.096,782836330,current,14842576100,3.9129,Yahoo 歷史匯率（回補）,58077961474,53728246129,backfill_est
2025-10-02,2025-10-02 16:45:00,FII,工業富聯,601138.SS,CNY,2025-10-02,66.01,66.01,0.0,19844092284,current,1309908574058,4.2769,Yahoo 歷史匯率（回補）,5602301903221,5602301903221,backfill_est
2025-10-02,2025-10-02 16:45:00,FIT,鴻騰精密,6088.HK,HKD,2025-10-02,6.93,6.38,8.621,7110873347,current,49278351074,3.9129,Yahoo 歷史匯率（回補）,192822738847,177519354457,backfill_est
2025-10-02,2025-10-02 16:45:00,FVT,鴻華先進,2258.TW,TWD,2025-10-02,39.4,39.05,0.896,1744325100,current,68726411602,1.0,—,68726411602,68115893824,backfill_est
2025-10-03,2025-10-03 16:45:00,FHH,鴻海精密,2317.TW,TWD,2025-10-03,226.5,225.5,0.443,14011672693,current,3173643864964,1.0,—,3173643864964,3159632192272,backfill_est
2025-10-03,2025-10-03 16:45:00,FIH,富智康,2038.HK,HKD,2025-10-03,18.73,18.96,-1.213,782836330,current,14662524103,3.9141,Yahoo 歷史匯率（回補）,57391231315,58095980768,backfill_est
2025-10-03,2025-10-03 16:45:00,FII,工業富聯,601138.SS,CNY,2025-10-03,66.01,66.01,0.0,19844092284,current,1309908574058,4.2792,Yahoo 歷史匯率（回補）,5605393119436,5605393119436,backfill_est
2025-10-03,2025-10-03 16:45:00,FIT,鴻騰精密,6088.HK,HKD,2025-10-03,7.02,6.93,1.299,7110873347,current,49918330760,3.9141,Yahoo 歷史匯率（回補）,195387536790,192882564116,backfill_est
2025-10-03,2025-10-03 16:45:00,FVT,鴻華先進,2258.TW,TWD,2025-10-03,39.35,39.4,-0.127,1744325100,current,68639190023,1.0,—,68639190023,68726411602,backfill_est
2025-10-06,2025-10-06 16:45:00,FHH,鴻海精密,2317.TW,TWD,2025-10-06,226.5,226.5,0.0,14011672693,current,3173643864964,1.0,—,3173643864964,3173643864964,backfill_est
2025-10-06,2025-10-06 16:45:00,FIH,富智康,2038.HK,HKD,2025-10-06,18.43,18.73,-1.602,782836330,current,14427673801,3.9095,Yahoo 歷史匯率（回補）,56404600345,57322741245,backfill_est
2025-10-06,2025-10-06 16:45:00,FII,工業富聯,601138.SS,CNY,2025-10-06,66.01,66.01,0.0,19844092284,current,1309908574058,4.2731,Yahoo 歷史匯率（回補）,5597333776888,5597333776888,backfill_est
2025-10-06,2025-10-06 16:45:00,FIT,鴻騰精密,6088.HK,HKD,2025-10-06,6.87,7.02,-2.137,7110873347,current,48851699080,3.9095,Yahoo 歷史匯率（回補）,190984395742,195154363435,backfill_est
2025-10-06,2025-10-06 16:45:00,FVT,鴻華先進,2258.TW,TWD,2025-10-06,39.35,39.35,0.0,1744325100,current,68639190023,1.0,—,68639190023,68639190023,backfill_est
2025-10-07,2025-10-07 16:45:00,FHH,鴻海精密,2317.TW,TWD,2025-10-07,228.5,226.5,0.883,14011672693,current,3201667210350,1.0,—,3201667210350,3173643864964,backfill_est
2025-10-07,2025-10-07 16:45:00,FIH,富智康,2038.HK,HKD,2025-10-07,18.43,18.43,0.0,782836330,current,14427673801,3.9201,Yahoo 歷史匯率（回補）,56557504028,56557504028,backfill_est
2025-10-07,2025-10-07 16:45:00,FII,工業富聯,601138.SS,CNY,2025-10-07,66.01,66.01,0.0,19844092284,current,1309908574058,4.2858,Yahoo 歷史匯率（回補）,5613985914373,5613985914373,backfill_est
2025-10-07,2025-10-07 16:45:00,FIT,鴻騰精密,6088.HK,HKD,2025-10-07,6.87,6.87,0.0,7110873347,current,48851699080,3.9201,Yahoo 歷史匯率（回補）,191502123325,191502123325,backfill_est
2025-10-07,2025-10-07 16:45:00,FVT,鴻華先進,2258.TW,TWD,2025-10-07,39.7,39.35,0.889,1744325100,current,69249707801,1.0,—,69249707801,68639190023,backfill_est
2025-10-08,2025-10-08 16:45:00,FHH,鴻海精密,2317.TW,TWD,2025-10-08,225.0,228.5,-1.532,14011672693,current,3152626355925,1.0,—,3152626355925,3201667210350,backfill_est
2025-10-08,2025-10-08 16:45:00,FIH,富智康,2038.HK,HKD,2025-10-08,17.95,18.43,-2.604,782836330,current,14051912721,3.9233,Yahoo 歷史匯率（回補）,55129785813,56604007029,backfill_est
2025-10-08,2025-10-08 16:45:00,FII,工業富聯,601138.SS,CNY,2025-10-08,66.01,66.01,0.0,19844092284,current,1309908574058,4.2895,Yahoo 歷史匯率（回補）,5618806639387,5618806639387,backfill_est
2025-10-08,2025-10-08 16:45:00,FIT,鴻騰精密,6088.HK,HKD,2025-10-08,6.83,6.87,-0.582,7110873347,current,48567264417,3.9233,Yahoo 歷史匯率（回補）,190543660358,191659581183,backfill_est
2025-10-08,2025-10-08 16:45:00,FVT,鴻華先進,2258.TW,TWD,2025-10-08,39.9,39.7,0.504,1744325100,current,69598574152,1.0,—,69598574152,69249707801,backfill_est
2025-10-09,2025-10-09 16:45:00,FHH,鴻海精密,2317.TW,TWD,2025-10-09,221.5,225.0,-1.556,14011672693,current,3103585501500,1.0,—,3103585501500,3152626355925,backfill_est
2025-10-09,2025-10-09 16:45:00,FIH,富智康,2038.HK,HKD,2025-10-09,18.6,17.95,3.621,782836330,current,14560756037,3.9227,Yahoo 歷史匯率（回補）,57117330855,55121296312,backfill_est
2025-10-09,2025-10-09 16:45:00,FII,工業富聯,601138.SS,CNY,2025-10-09,68.45,66.01,3.696,19844092284,current,1358328056280,4.2881,Yahoo 歷史匯率（回補）,5824676834223,5617048172561,backfill_est
2025-10-09,2025-10-09 16:45:00,FIT,鴻騰精密,6088.HK,HKD,2025-10-09,6.29,6.83,-7.906,7110873347,current,44727393081,3.9227,Yahoo 歷史匯率（回補）,175451693751,190514318315,backfill_est
2025-10-09,2025-10-09 16:45:00,FVT,鴻華先進,2258.TW,TWD,2025-10-09,39.75,39.9,-0.376,1744325100,current,69336922725,1.0,—,69336922725,69598574152,backfill_est
2025-10-10,2025-10-10 16:45:00,FHH,鴻海精密,2317.TW,TWD,2025-10-10,221.5,221.5,0.0,14011672693,current,3103585501500,1.0,—,3103585501500,3103585501500,backfill_est
2025-10-10,2025-10-10 16:45:00,FIH,富智康,2038.HK,HKD,2025-10-10,17.66,18.6,-5.054,782836330,current,13824889468,3.9299,Yahoo 歷史匯率（回補）,54330142109,57222008646,backfill_est
2025-10-10,2025-10-10 16:45:00,FII,工業富聯,601138.SS,CNY,2025-10-10,66.41,68.45,-2.98,19844092284,current,1317846241252,4.2909,Yahoo 歷史匯率（回補）,5654729729627,5828432636527,backfill_est
2025-10-10,2025-10-10 16:45:00,FIT,鴻騰精密,6088.HK,HKD,2025-10-10,6.43,6.29,2.226,7110873347,current,45722914401,3.9299,Yahoo 歷史匯率（回補）,179685518841,175773240564,backfill_est
2025-10-10,2025-10-10 16:45:00,FVT,鴻華先進,2258.TW,TWD,2025-10-10,39.75,39.75,0.0,1744325100,current,69336922725,1.0,—,69336922725,69336922725,backfill_est
2025-10-13,2025-10-13 16:45:00,FHH,鴻海精密,2317.TW,TWD,2025-10-13,213.0,221.5,-3.837,14011672693,current,2984486283609,1.0,—,2984486283609,3103585501500,backfill_est
2025-10-13,2025-10-13 16:45:00,FIH,富智康,2038.HK,HKD,2025-10-13,17.4,17.66,-1.472,782836330,current,13621351843,3.9404,Yahoo 歷史匯率（回補）,53673683657,54475704941,backfill_est
2025-10-13,2025-10-13 16:45:00,FII,工業富聯,601138.SS,CNY,2025-10-13,63.48,66.41,-4.412,19844092284,current,1259702969104,4.319,Yahoo 歷史匯率（回補）,5440675101372,5691796723566,backfill_est
2025-10-13,2025-10-13 16:45:00,FIT,鴻騰精密,6088.HK,HKD,2025-10-13,5.92,6.43,-7.932,7110873347,current,42096370757,3.9404,Yahoo 歷史匯率（回補）,165876875739,180166937294,backfill_est
2025-10-13,2025-10-13 16:45:00,FVT,鴻華先進,2258.TW,TWD,2025-10-13,38.65,39.75,-2.767,1744325100,current,67418167777,1.0,—,67418167777,69336922725,backfill_est
2025-10-14,2025-10-14 16:45:00,FHH,鴻海精密,2317.TW,TWD,2025-10-14,206.0,213.0,-3.286,14011672693,current,2886404574758,1.0,—,2886404574758,2984486283609,backfill_est
2025-10-14,2025-10-14 16:45:00,FIH,富智康,2038.HK,HKD,2025-10-14,17.53,17.4,0.747,782836330,current,13723121402,3.9451,Yahoo 歷史匯率（回補）,54139702300,53738206643,backfill_est
2025-10-14,2025-10-14 16:45:00,FII,工業富聯,601138.SS,CNY,2025-10-14,59.72,63.48,-5.923,19844092284,current,1185089215424,4.3227,Yahoo 歷史匯率（回補）,5122756842401,5445287933080,backfill_est
2025-10-14,2025-10-14 16:45:00,FIT,鴻騰精密,6088.HK,HKD,2025-10-14,5.68,5.92,-4.054,7110873347,current,40389759390,3.9451,Yahoo 歷史匯率（回補）,159343452937,166076282052,backfill_est
2025-10-14,2025-10-14 16:45:00,FVT,鴻華先進,2258.TW,TWD,2025-10-14,37.55,38.65,-2.846,1744325100,current,65499406174,1.0,—,65499406174,67418167777,backfill_est
2025-10-15,2025-10-15 16:45:00,FHH,鴻海精密,2317.TW,TWD,2025-10-15,206.5,206.0,0.243,14011672693,current,2893410411104,1.0,—,2893410411104,2886404574758,backfill_est
2025-10-15,2025-10-15 16:45:00,FIH,富智康,2038.HK,HKD,2025-10-15,17.86,17.53,1.882,782836330,current,13981457332,3.947,Yahoo 歷史匯率（回補）,55184992467,54165337222,backfill_est
2025-10-15,2025-10-15 16:45:00,FII,工業富聯,601138.SS,CNY,2025-10-15,63.38,59.72,6.129,19844092284,current,1257718590156,4.2984,Yahoo 歷史匯率（回補）,5406213167602,5094021008640,backfill_est
2025-10-15,2025-10-15 16:45:00,FIT,鴻騰精密,6088.HK,HKD,2025-10-15,5.91,5.68,4.049,7110873347,current,42025260396,3.947,Yahoo 歷史匯率（回補）,165874244963,159418901394,backfill_est
2025-10-15,2025-10-15 16:45:00,FVT,鴻華先進,2258.TW,TWD,2025-10-15,37.6,37.55,0.133,1744325100,current,65586621098,1.0,—,65586621098,65499406174,backfill_est
2025-10-16,2025-10-16 16:45:00,FHH,鴻海精密,2317.TW,TWD,2025-10-16,223.0,206.5,7.99,14011672693,current,3124603010539,1.0,—,3124603010539,2893410411104,backfill_est
2025-10-16,2025-10-16 16:45:00,FIH,富智康,2038.HK,HKD,2025-10-16,18.28,17.86,2.352,782836330,current,14310248650,3.937,Yahoo 歷史匯率（回補）,56339190154,55044744680,backfill_est
2025-10-16,2025-10-16 16:45:00,FII,工業富聯,601138.SS,CNY,2025-10-16,63.59,63.38,0.331,19844092284,current,1261885831368,4.2954,Yahoo 歷史匯率（回補）,5420290234504,5402390313383,backfill_est
2025-10-16,2025-10-16 16:45:00,FIT,鴻騰精密,6088.HK,HKD,2025-10-16,6.09,5.91,3.046,7110873347,current,43305219768,3.937,Yahoo 歷史匯率（回補）,170491867115,165452690211,backfill_est
2025-10-16,2025-10-16 16:45:00,FVT,鴻華先進,2258.TW,TWD,2025-10-16,37.6,37.6,0.0,1744325100,current,65586621098,1.0,—,65586621098,65586621098,backfill_est
2025-10-17,2025-10-17 16:45:00,FHH,鴻海精密,2317.TW,TWD,2025-10-17,226.5,223.0,1.57,14011672693,current,3173643864964,1.0,—,3173643864964,3124603010539,backfill_est
2025-10-17,2025-10-17 16:45:00,FIH,富智康,2038.HK,HKD,2025-10-17,17.28,18.28,-5.47,782836330,current,13527412320,3.9392,Yahoo 歷史匯率（回補）,53286804242,56370531217,backfill_est
2025-10-17,2025-10-17 16:45:00,FII,工業富聯,601138.SS,CNY,2025-10-17,60.01,63.59,-5.63,19844092284,current,1190843944655,4.2976,Yahoo 歷史匯率（回補）,5117786803315,5423097362210,backfill_est
2025-10-17,2025-10-17 16:45:00,FIT,鴻騰精密,6088.HK,HKD,2025-10-17,5.46,6.09,-10.345,7110873347,current,38825368746,3.9392,Yahoo 歷史匯率（回補）,152939806599,170586710442,backfill_est
2025-10-17,2025-10-17 16:45:00,FVT,鴻華先進,2258.TW,TWD,2025-10-17,38.2,37.6,1.596,1744325100,current,66633220151,1.0,—,66633220151,65586621098,backfill_est
2025-10-20,2025-10-20 16:45:00,FHH,鴻海精密,2317.TW,TWD,2025-10-20,238.5,226.5,5.298,14011672693,current,3341783937280,1.0,—,3341783937280,3173643864964,backfill_est
2025-10-20,2025-10-20 16:45:00,FIH,富智康,2038.HK,HKD,2025-10-20,18.25,17.28,5.613,782836330,current,14286763022,3.9418,Yahoo 歷史匯率（回補）,56315247381,53322055530,backfill_est
2025-10-20,2025-10-20 16:45:00,FII,工業富聯,601138.SS,CNY,2025-10-20,62.06,60.01,3.416,19844092284,current,1231524394397,4.297,Yahoo 歷史匯率（回補）,5291818810739,5117016289448,backfill_est
2025-10-20,2025-10-20 16:45:00,FIT,鴻騰精密,6088.HK,HKD,2025-10-20,5.57,5.46,2.015,7110873347,current,39607565763,3.9418,Yahoo 歷史匯率（回補）,156124229164,153040982212,backfill_est
2025-10-20,2025-10-20 16:45:00,FVT,鴻華先進,2258.TW,TWD,2025-10-20,38.75,38.2,1.44,1744325100,current,67592597625,1.0,—,67592597625,66633220151,backfill_est
2025-10-21,2025-10-21 16:45:00,FHH,鴻海精密,2317.TW,TWD,2025-10-21,239.0,238.5,0.21,14011672693,current,3348789773627,1.0,—,3348789773627,3341783937280,backfill_est
2025-10-21,2025-10-21 16:45:00,FIH,富智康,2038.HK,HKD,2025-10-21,18.78,18.25,2.904,782836330,current,14701666815,3.9388,Yahoo 歷史匯率（回補）,57907101927,56272873883,backfill_est
2025-10-21,2025-10-21 16:45:00,FII,工業富聯,601138.SS,CNY,2025-10-21,68.0,62.06,9.571,19844092284,current,1349398275312,4.2977,Yahoo 歷史匯率（回補）,5799275559752,5292691900034,backfill_est
2025-10-21,2025-10-21 16:45:00,FIT,鴻騰精密,6088.HK,HKD,2025-10-21,5.85,5.57,5.027,7110873347,current,41598608402,3.9388,Yahoo 歷史匯率（回補）,163849098682,156006756011,backfill_est
2025-10-21,2025-10-21 16:45:00,FVT,鴻華先進,2258.TW,TWD,2025-10-21,39.05,38.75,0.774,1744325100,current,68115893824,1.0,—,68115893824,67592597625,backfill_est
2025-10-22,2025-10-22 16:45:00,FHH,鴻海精密,2317.TW,TWD,2025-10-22,242.5,239.0,1.464,14011672693,current,3397830628052,1.0,—,3397830628052,3348789773627,backfill_est
2025-10-22,2025-10-22 16:45:00,FIH,富智康,2038.HK,HKD,2025-10-22,19.3,18.78,2.769,782836330,current,15108740572,3.9474,Yahoo 歷史匯率（回補）,59640514105,58033623840,backfill_est
2025-10-22,2025-10-22 16:45:00,FII,工業富聯,601138.SS,CNY,2025-10-22,65.46,68.0,-3.735,19844092284,current,1298994262743,4.3075,Yahoo 歷史匯率（回補）,5595444459183,5812560778277,backfill_est
2025-10-22,2025-10-22 16:45:00,FIT,鴻騰精密,6088.HK,HKD,2025-10-22,5.63,5.85,-3.761,7110873347,current,40034217757,3.9474,Yahoo 歷史匯率（回補）,158031790769,164207094518,backfill_est
2025-10-22,2025-10-22 16:45:00,FVT,鴻華先進,2258.TW,TWD,2025-10-22,38.95,39.05,-0.256,1744325100,current,67941463976,1.0,—,67941463976,68115893824,backfill_est
2025-10-23,2025-10-23 16:45:00,FHH,鴻海精密,2317.TW,TWD,2025-10-23,239.0,242.5,-1.443,14011672693,current,3348789773627,1.0,—,3348789773627,3397830628052,backfill_est
2025-10-23,2025-10-23 16:45:00,FIH,富智康,2038.HK,HKD,2025-10-23,18.39,19.3,-4.715,782836330,current,14396359631,3.9563,Yahoo 歷史匯率（回補）,56956863644,59775283380,backfill_est
2025-10-23,2025-10-23 16:45:00,FII,工業富聯,601138.SS,CNY,2025-10-23,63.99,65.46,-2.246,19844092284,current,1269823498561,4.3147,Yahoo 歷史匯率（回補）,5478879336690,5604741787096,backfill_est
2025-10-23,2025-10-23 16:45:00,FIT,鴻騰精密,6088.HK,HKD,2025-10-23,5.46,5.63,-3.02,7110873347,current,38825368746,3.9563,Yahoo 歷史匯率（回補）,153606278968,158388894162,backfill_est
2025-10-23,2025-10-23 16:45:00,FVT,鴻華先進,2258.TW,TWD,2025-10-23,38.85,38.95,-0.257,1744325100,current,67767027473,1.0,—,67767027473,67941463976,backfill_est
2025-10-24,2025-10-24 16:45:00,FHH,鴻海精密,2317.TW,TWD,2025-10-24,239.0,239.0,0.0,14011672693,current,3348789773627,1.0,—,3348789773627,3348789773627,backfill_est
2025-10-24,2025-10-24 16:45:00,FIH,富智康,2038.HK,HKD,2025-10-24,18.81,18.39,2.284,782836330,current,14725150949,3.9599,Yahoo 歷史匯率（回補）,58310580203,57008589303,backfill_est
2025-10-24,2025-10-24 16:45:00,FII,工業富聯,601138.SS,CNY,2025-10-24,67.25,63.99,5.095,19844092284,current,1334515206099,4.3189,Yahoo 歷史匯率（回補）,5763602870765,5484207544599,backfill_est
2025-10-24,2025-10-24 16:45:00,FIT,鴻騰精密,6088.HK,HKD,2025-10-24,5.89,5.46,7.875,7110873347,current,41883043064,3.9599,Yahoo 歷史匯率（回補）,165853956281,153745777275,backfill_est
2025-10-24,2025-10-24 16:45:00,FVT,鴻華先進,2258.TW,TWD,2025-10-24,38.85,38.85,0.0,1744325100,current,67767027473,1.0,—,67767027473,67767027473,backfill_est
2025-10-27,2025-10-27 16:45:00,FHH,鴻海精密,2317.TW,TWD,2025-10-27,246.5,239.0,3.138,14011672693,current,3453877318824,1.0,—,3453877318824,3348789773627,backfill_est
2025-10-27,2025-10-27 16:45:00,FIH,富智康,2038.HK,HKD,2025-10-27,19.39,18.81,3.083,782836330,current,15179195961,3.9684,Yahoo 歷史匯率（回補）,60236393855,58434583389,backfill_est
2025-10-27,2025-10-27 16:45:00,FII,工業富聯,601138.SS,CNY,2025-10-27,72.76,67.25,8.193,19844092284,current,1443856196975,4.3299,Yahoo 歷史匯率（回補）,6251681772959,5778251606485,backfill_est
2025-10-27,2025-10-27 16:45:00,FIT,鴻騰精密,6088.HK,HKD,2025-10-27,6.33,5.89,7.47,7110873347,current,45011827744,3.9684,Yahoo 歷史匯率（回補）,178622780225,166206661036,backfill_est
2025-10-27,2025-10-27 16:45:00,FVT,鴻華先進,2258.TW,TWD,2025-10-27,38.9,38.85,0.129,1744325100,current,67854249052,1.0,—,67854249052,67767027473,backfill_est
2025-10-28,2025-10-28 16:45:00,FHH,鴻海精密,2317.TW,TWD,2025-10-28,250.0,246.5,1.42,14011672693,current,3502918173250,1.0,—,3502918173250,3453877318824,backfill_est
2025-10-28,2025-10-28 16:45:00,FIH,富智康,2038.HK,HKD,2025-10-28,19.28,19.39,-0.567,782836330,current,15093084980,3.9394,Yahoo 歷史匯率（回補）,59457773899,59796999925,backfill_est
2025-10-28,2025-10-28 16:45:00,FII,工業富聯,601138.SS,CNY,2025-10-28,73.99,72.76,1.69,19844092284,current,1468264345702,4.3038,Yahoo 歷史匯率（回補）,6319162031396,6214113477205,backfill_est
2025-10-28,2025-10-28 16:45:00,FIT,鴻騰精密,6088.HK,HKD,2025-10-28,6.1,6.33,-3.633,7110873347,current,43376326739,3.9394,Yahoo 歷史匯率（回補）,170876916893,177319817674,backfill_est
2025-10-28,2025-10-28 16:45:00,FVT,鴻華先進,2258.TW,TWD,2025-10-28,38.6,38.9,-0.771,1744325100,current,67330946198,1.0,—,67330946198,67854249052,backfill_est
2025-10-29,2025-10-29 16:45:00,FHH,鴻海精密,2317.TW,TWD,2025-10-29,260.0,250.0,4.0,14011672693,current,3643034900180,1.0,—,3643034900180,3502918173250,backfill_est
2025-10-29,2025-10-29 16:45:00,FIH,富智康,2038.HK,HKD,2025-10-29,19.28,19.28,0.0,782836330,current,15093084980,3.9312,Yahoo 歷史匯率（回補）,59334389495,59334389495,backfill_est
2025-10-29,2025-10-29 16:45:00,FII,工業富聯,601138.SS,CNY,2025-10-29,80.8,73.99,9.204,19844092284,current,1603402717107,4.3026,Yahoo 歷史匯率（回補）,6898755964871,6317313364165,backfill_est
2025-10-29,2025-10-29 16:45:00,FIT,鴻騰精密,6088.HK,HKD,2025-10-29,6.1,6.1,0.0,7110873347,current,43376326739,3.9312,Yahoo 歷史匯率（回補）,170522319923,170522319923,backfill_est
2025-10-29,2025-10-29 16:45:00,FVT,鴻華先進,2258.TW,TWD,2025-10-29,40.1,38.6,3.886,1744325100,current,69947433848,1.0,—,69947433848,67330946198,backfill_est
2025-10-30,2025-10-30 16:45:00,FHH,鴻海精密,2317.TW,TWD,2025-10-30,262.0,260.0,0.769,14011672693,current,3671058245566,1.0,—,3671058245566,3643034900180,backfill_est
2025-10-30,2025-10-30 16:45:00,FIH,富智康,2038.HK,HKD,2025-10-30,19.22,19.28,-0.311,782836330,current,15046113725,3.9462,Yahoo 歷史匯率（回補）,59374717690,59560074856,backfill_est
2025-10-30,2025-10-30 16:45:00,FII,工業富聯,601138.SS,CNY,2025-10-30,77.97,80.8,-3.502,19844092284,current,1547243899607,4.3197,Yahoo 歷史匯率（回補）,6683552988993,6926139456874,backfill_est
2025-10-30,2025-10-30 16:45:00,FIT,鴻騰精密,6088.HK,HKD,2025-10-30,6.16,6.1,0.984,7110873347,current,43802978732,3.9462,Yahoo 歷史匯率（回補）,172854568544,171170921713,backfill_est
2025-10-30,2025-10-30 16:45:00,FVT,鴻華先進,2258.TW,TWD,2025-10-30,41.1,40.1,2.494,1744325100,current,71691758948,1.0,—,71691758948,69947433848,backfill_est
2025-10-31,2025-10-31 16:45:00,FHH,鴻海精密,2317.TW,TWD,2025-10-31,257.5,262.0,-1.718,14011672693,current,3608005718448,1.0,—,3608005718448,3671058245566,backfill_est
2025-10-31,2025-10-31 16:45:00,FIH,富智康,2038.HK,HKD,2025-10-31,18.57,19.22,-3.382,782836330,current,14537270409,3.9553,Yahoo 歷史匯率（回補）,57499863141,59512512022,backfill_est
2025-10-31,2025-10-31 16:45:00,FII,工業富聯,601138.SS,CNY,2025-10-31,72.0,77.97,-7.657,19844092284,current,1428774644448,4.3223,Yahoo 歷史匯率（回補）,6175594976024,6687654830822,backfill_est
2025-10-31,2025-10-31 16:45:00,FIT,鴻騰精密,6088.HK,HKD,2025-10-31,5.83,6.16,-5.357,7110873347,current,41456391070,3.9553,Yahoo 歷史匯率（回補）,163974167488,173255722113,backfill_est
2025-10-31,2025-10-31 16:45:00,FVT,鴻華先進,2258.TW,TWD,2025-10-31,40.4,41.1,-1.703,1744325100,current,70470736702,1.0,—,70470736702,71691758948,backfill_est
2025-11-03,2025-11-03 16:45:00,FHH,鴻海精密,2317.TW,TWD,2025-11-03,251.5,257.5,-2.33,14011672693,current,3523935682290,1.0,—,3523935682290,3608005718448,backfill_est
2025-11-03,2025-11-03 16:45:00,FIH,富智康,2038.HK,HKD,2025-11-03,18.72,18.57,0.808,782836330,current,14654695560,3.9594,Yahoo 歷史匯率（回補）,58023070465,57558143181,backfill_est
2025-11-03,2025-11-03 16:45:00,FII,工業富聯,601138.SS,CNY,2025-11-03,74.89,72.0,4.014,19844092284,current,1486124059037,4.3252,Yahoo 歷史匯率（回補）,6427738587788,6179692643778,backfill_est
2025-11-03,2025-11-03 16:45:00,FIT,鴻騰精密,6088.HK,HKD,2025-11-03,5.67,5.83,-2.744,7110873347,current,40318652420,3.9594,Yahoo 歷史匯率（回補）,159635660858,164140366508,backfill_est
2025-11-03,2025-11-03 16:45:00,FVT,鴻華先進,2258.TW,TWD,2025-11-03,39.8,40.4,-1.485,1744325100,current,69424137649,1.0,—,69424137649,70470736702,backfill_est
2025-11-04,2025-11-04 16:45:00,FHH,鴻海精密,2317.TW,TWD,2025-11-04,244.0,251.5,-2.982,14011672693,current,3418848137092,1.0,—,3418848137092,3523935682290,backfill_est
2025-11-04,2025-11-04 16:45:00,FIH,富智康,2038.HK,HKD,2025-11-04,18.18,18.72,-2.885,782836330,current,14231964718,3.9761,Yahoo 歷史匯率（回補）,56588396487,58269236831,backfill_est
2025-11-04,2025-11-04 16:45:00,FII,工業富聯,601138.SS,CNY,2025-11-04,73.49,74.89,-1.869,19844092284,current,1458342299560,4.309,Yahoo 歷史匯率（回補）,6283958795364,6403669669738,backfill_est
2025-11-04,2025-11-04 16:45:00,FIT,鴻騰精密,6088.HK,HKD,2025-11-04,5.31,5.67,-6.349,7110873347,current,37758737066,3.9761,Yahoo 歷史匯率（回補）,150134322716,160312924751,backfill_est
2025-11-04,2025-11-04 16:45:00,FVT,鴻華先進,2258.TW,TWD,2025-11-04,39.55,39.8,-0.628,1744325100,current,68988056374,1.0,—,68988056374,69424137649,backfill_est
2025-11-05,2025-11-05 16:45:00,FHH,鴻海精密,2317.TW,TWD,2025-11-05,247.0,244.0,1.23,14011672693,current,3460883155171,1.0,—,3460883155171,3418848137092,backfill_est
2025-11-05,2025-11-05 16:45:00,FIH,富智康,2038.HK,HKD,2025-11-05,17.74,18.18,-2.42,782836330,current,13887516315,3.9771,Yahoo 歷史匯率（回補）,55231956909,56601860564,backfill_est
2025-11-05,2025-11-05 16:45:00,FII,工業富聯,601138.SS,CNY,2025-11-05,75.24,73.49,2.381,19844092284,current,1493069461057,4.3368,Yahoo 歷史匯率（回補）,6475098698170,6324494989457,backfill_est
2025-11-05,2025-11-05 16:45:00,FIT,鴻騰精密,6088.HK,HKD,2025-11-05,5.25,5.31,-1.13,7110873347,current,37332085072,3.9771,Yahoo 歷史匯率（回補）,148473209120,150170044178,backfill_est
2025-11-05,2025-11-05 16:45:00,FVT,鴻華先進,2258.TW,TWD,2025-11-05,38.65,39.55,-2.276,1744325100,current,67418167777,1.0,—,67418167777,68988056374,backfill_est
2025-11-06,2025-11-06 16:45:00,FHH,鴻海精密,2317.TW,TWD,2025-11-06,248.0,247.0,0.405,14011672693,current,3474894827864,1.0,—,3474894827864,3460883155171,backfill_est
2025-11-06,2025-11-06 16:45:00,FIH,富智康,2038.HK,HKD,2025-11-06,17.89,17.74,0.846,782836330,current,14004941466,3.9734,Yahoo 歷史匯率（回補）,55647793664,55181211881,backfill_est
2025-11-06,2025-11-06 16:45:00,FII,工業富聯,601138.SS,CNY,2025-11-06,76.22,75.24,1.303,19844092284,current,1512516738110,4.3352,Yahoo 歷史匯率（回補）,6557118933517,6472810373248,backfill_est
2025-11-06,2025-11-06 16:45:00,FIT,鴻騰精密,6088.HK,HKD,2025-11-06,5.5,5.25,4.762,7110873347,current,39109803408,3.9734,Yahoo 歷史匯率（回補）,155400454591,148336797564,backfill_est
2025-11-06,2025-11-06 16:45:00,FVT,鴻華先進,2258.TW,TWD,2025-11-06,38.7,38.65,0.129,1744325100,current,67505382701,1.0,—,67505382701,67418167777,backfill_est
2025-11-07,2025-11-07 16:45:00,FHH,鴻海精密,2317.TW,TWD,2025-11-07,244.0,248.0,-1.613,14011672693,current,3418848137092,1.0,—,3418848137092,3474894827864,backfill_est
2025-11-07,2025-11-07 16:45:00,FIH,富智康,2038.HK,HKD,2025-11-07,18.05,17.89,0.894,782836330,current,14130195159,3.9841,Yahoo 歷史匯率（回補）,56296209693,55797185574,backfill_est
2025-11-07,2025-11-07 16:45:00,FII,工業富聯,601138.SS,CNY,2025-11-07,72.7,76.22,-4.618,19844092284,current,1442665448487,4.3518,Yahoo 歷史匯率（回補）,6278207065436,6582186661328,backfill_est
2025-11-07,2025-11-07 16:45:00,FIT,鴻騰精密,6088.HK,HKD,2025-11-07,5.35,5.5,-2.727,7110873347,current,38043171728,3.9841,Yahoo 歷史匯率（回補）,151568067451,155817642214,backfill_est
2025-11-07,2025-11-07 16:45:00,FVT,鴻華先進,2258.TW,TWD,2025-11-07,39.8,38.7,2.842,1744325100,current,69424137649,1.0,—,69424137649,67505382701,backfill_est
2025-11-10,2025-11-10 16:45:00,FHH,鴻海精密,2317.TW,TWD,2025-11-10,249.5,244.0,2.254,14011672693,current,3495912336904,1.0,—,3495912336904,3418848137092,backfill_est
2025-11-10,2025-11-10 16:45:00,FIH,富智康,2038.HK,HKD,2025-11-10,19.01,18.05,5.319,782836330,current,14881718812,3.9819,Yahoo 歷史匯率（回補）,59257412899,56264926078,backfill_est
2025-11-10,2025-11-10 16:45:00,FII,工業富聯,601138.SS,CNY,2025-11-10,71.5,72.7,-1.651,19844092284,current,1418852598306,4.3501,Yahoo 歷史匯率（回補）,6172186425488,6275775304853,backfill_est
2025-11-10,2025-11-10 16:45:00,FIT,鴻騰精密,6088.HK,HKD,2025-11-10,5.56,5.35,3.925,7110873347,current,39536455402,3.9819,Yahoo 歷史匯率（回補）,157429937486,151483841584,backfill_est
2025-11-10,2025-11-10 16:45:00,FVT,鴻華先進,2258.TW,TWD,2025-11-10,39.25,39.8,-1.382,1744325100,current,68464760175,1.0,—,68464760175,69424137649,backfill_est
2025-11-11,2025-11-11 16:45:00,FHH,鴻海精密,2317.TW,TWD,2025-11-11,246.5,249.5,-1.202,14011672693,current,3453877318824,1.0,—,3453877318824,3495912336904,backfill_est
2025-11-11,2025-11-11 16:45:00,FIH,富智康,2038.HK,HKD,2025-11-11,19.13,19.01,0.631,782836330,current,14975658336,3.9835,Yahoo 歷史匯率（回補）,59655431494,59281224052,backfill_est
2025-11-11,2025-11-11 16:45:00,FII,工業富聯,601138.SS,CNY,2025-11-11,68.03,71.5,-4.853,19844092284,current,1349993573857,4.3497,Yahoo 歷史匯率（回補）,5872063628177,6171579552378,backfill_est
2025-11-11,2025-11-11 16:45:00,FIT,鴻騰精密,6088.HK,HKD,2025-11-11,5.25,5.56,-5.576,7110873347,current,37332085072,3.9835,Yahoo 歷史匯率（回補）,148712102907,157493196886,backfill_est
2025-11-11,2025-11-11 16:45:00,FVT,鴻華先進,2258.TW,TWD,2025-11-11,39.85,39.25,1.529,1744325100,current,69511352573,1.0,—,69511352573,68464760175,backfill_est
2025-11-12,2025-11-12 16:45:00,FHH,鴻海精密,2317.TW,TWD,2025-11-12,251.0,246.5,1.826,14011672693,current,3516929845943,1.0,—,3516929845943,3453877318824,backfill_est
2025-11-12,2025-11-12 16:45:00,FIH,富智康,2038.HK,HKD,2025-11-12,19.1,19.13,-0.157,782836330,current,14952174202,3.9841,Yahoo 歷史匯率（回補）,59571108507,59664671884,backfill_est
2025-11-12,2025-11-12 16:45:00,FII,工業富聯,601138.SS,CNY,2025-11-12,68.6,68.03,0.838,19844092284,current,1361304700403,4.3493,Yahoo 歷史匯率（回補）,5920785471333,5871589465694,backfill_est
2025-11-12,2025-11-12 16:45:00,FIT,鴻騰精密,6088.HK,HKD,2025-11-12,5.31,5.25,1.143,7110873347,current,37758737066,3.9841,Yahoo 歷史匯率（回補）,150434966347,148735137822,backfill_est
2025-11-12,2025-11-12 16:45:00,FVT,鴻華先進,2258.TW,TWD,2025-11-12,41.75,39.85,4.768,1744325100,current,72825572925,1.0,—,72825572925,69511352573,backfill_est
2025-11-13,2025-11-13 16:45:00,FHH,鴻海精密,2317.TW,TWD,2025-11-13,252.0,251.0,0.398,14011672693,current,3530941518636,1.0,—,3530941518636,3516929845943,backfill_est
2025-11-13,2025-11-13 16:45:00,FIH,富智康,2038.HK,HKD,2025-11-13,19.26,19.1,0.838,782836330,current,15077427895,3.9975,Yahoo 歷史匯率（回補）,60272696553,59771989277,backfill_est
2025-11-13,2025-11-13 16:45:00,FII,工業富聯,601138.SS,CNY,2025-11-13,67.99,68.6,-0.889,19844092284,current,1349199791998,4.3634,Yahoo 歷史匯率（回補）,5887050450545,5939868577929,backfill_est
2025-11-13,2025-11-13 16:45:00,FIT,鴻騰精密,6088.HK,HKD,2025-11-13,5.37,5.31,1.13,7110873347,current,38185389060,3.9975,Yahoo 歷史匯率（回補）,152647811257,150942250710,backfill_est
2025-11-13,2025-11-13 16:45:00,FVT,鴻華先進,2258.TW,TWD,2025-11-13,41.05,41.75,-1.677,1744325100,current,71604544024,1.0,—,71604544024,72825572925,backfill_est
2025-11-14,2025-11-14 16:45:00,FHH,鴻海精密,2317.TW,TWD,2025-11-14,241.0,252.0,-4.365,14011672693,current,3376813119013,1.0,—,3376813119013,3530941518636,backfill_est
2025-11-14,2025-11-14 16:45:00,FIH,富智康,2038.HK,HKD,2025-11-14,18.63,19.26,-3.271,782836330,current,14584240171,4.0054,Yahoo 歷史匯率（回補）,58416052024,60391477512,backfill_est
2025-11-14,2025-11-14 16:45:00,FII,工業富聯,601138.SS,CNY,2025-11-14,64.27,67.99,-5.471,19844092284,current,1275379744477,4.3764,Yahoo 歷史匯率（回補）,5581561883557,5904627358969,backfill_est
2025-11-14,2025-11-14 16:45:00,FIT,鴻騰精密,6088.HK,HKD,2025-11-14,5.36,5.37,-0.186,7110873347,current,38114282089,4.0054,Yahoo 歷史匯率（回補）,152663824739,152948638238,backfill_est
2025-11-14,2025-11-14 16:45:00,FVT,鴻華先進,2258.TW,TWD,2025-11-14,43.5,41.05,5.968,1744325100,current,75878141850,1.0,—,75878141850,71604544024,backfill_est
2025-11-17,2025-11-17 16:45:00,FHH,鴻海精密,2317.TW,TWD,2025-11-17,236.0,241.0,-2.075,14011672693,current,3306754755548,1.0,—,3306754755548,3376813119013,backfill_est
2025-11-17,2025-11-17 16:45:00,FIH,富智康,2038.HK,HKD,2025-11-17,18.39,18.63,-1.288,782836330,current,14396359631,3.9408,Yahoo 歷史匯率（回補）,56733866673,57474275344,backfill_est
2025-11-17,2025-11-17 16:45:00,FII,工業富聯,601138.SS,CNY,2025-11-17,64.94,64.27,1.042,19844092284,current,1288675401370,4.3039,Yahoo 歷史匯率（回補）,5546376290797,5489152636117,backfill_est
2025-11-17,2025-11-17 16:45:00,FIT,鴻騰精密,6088.HK,HKD,2025-11-17,5.17,5.36,-3.545,7110873347,current,36763215747,3.9408,Yahoo 歷史匯率（回補）,144878249370,150202596616,backfill_est
2025-11-17,2025-11-17 16:45:00,FVT,鴻華先進,2258.TW,TWD,2025-11-17,40.05,43.5,-7.931,1744325100,current,69860218924,1.0,—,69860218924,75878141850,backfill_est
2025-11-18,2025-11-18 16:45:00,FHH,鴻海精密,2317.TW,TWD,2025-11-18,230.0,236.0,-2.542,14011672693,current,3222684719390,1.0,—,3222684719390,3306754755548,backfill_est
2025-11-18,2025-11-18 16:45:00,FIH,富智康,2038.HK,HKD,2025-11-18,18.05,18.39,-1.849,782836330,current,14130195159,4.0104,Yahoo 歷史匯率（回補）,56668203747,57735638580,backfill_est
2025-11-18,2025-11-18 16:45:00,FII,工業富聯,601138.SS,CNY,2025-11-18,64.72,64.94,-0.339,19844092284,current,1284309676844,4.3862,Yahoo 歷史匯率（回補）,5633253994511,5652402986043,backfill_est
2025-11-18,2025-11-18 16:45:00,FIT,鴻騰精密,6088.HK,HKD,2025-11-18,4.99,5.17,-3.482,7110873347,current,35483256374,4.0104,Yahoo 歷史匯率（回補）,142303229301,147436420859,backfill_est
2025-11-18,2025-11-18 16:45:00,FVT,鴻華先進,2258.TW,TWD,2025-11-18,39.4,40.05,-1.623,1744325100,current,68726411602,1.0,—,68726411602,69860218924,backfill_est
2025-11-19,2025-11-19 16:45:00,FHH,鴻海精密,2317.TW,TWD,2025-11-19,229.0,230.0,-0.435,14011672693,current,3208673046697,1.0,—,3208673046697,3222684719390,backfill_est
2025-11-19,2025-11-19 16:45:00,FIH,富智康,2038.HK,HKD,2025-11-19,17.91,18.05,-0.776,782836330,current,14020598551,3.9954,Yahoo 歷史匯率（回補）,56017731638,56455612615,backfill_est
2025-11-19,2025-11-19 16:45:00,FII,工業富聯,601138.SS,CNY,2025-11-19,65.06,64.72,0.525,19844092284,current,1291056595550,4.3761,Yahoo 歷史匯率（回補）,5649805451946,5620280194714,backfill_est
2025-11-19,2025-11-19 16:45:00,FIT,鴻騰精密,6088.HK,HKD,2025-11-19,4.91,4.99,-1.603,7110873347,current,34914387049,3.9954,Yahoo 歷史匯率（回補）,139496524124,141769377818,backfill_est
2025-11-19,2025-11-19 16:45:00,FVT,鴻華先進,2258.TW,TWD,2025-11-19,40.15,39.4,1.904,1744325100,current,70034655427,1.0,—,70034655427,68726411602,backfill_est
2025-11-20,2025-11-20 16:45:00,FHH,鴻海精密,2317.TW,TWD,2025-11-20,236.5,229.0,3.275,14011672693,current,3313760591894,1.0,—,3313760591894,3208673046697,backfill_est
2025-11-20,2025-11-20 16:45:00,FIH,富智康,2038.HK,HKD,2025-11-20,18.35,17.91,2.457,782836330,current,14365046954,4.0049,Yahoo 歷史匯率（回補）,57529884411,56150419597,backfill_est
2025-11-20,2025-11-20 16:45:00,FII,工業富聯,601138.SS,CNY,2025-11-20,65.94,65.06,1.353,19844092284,current,1308519493654,4.3873,Yahoo 歷史匯率（回補）,5740916450424,5664300825293,backfill_est
2025-11-20,2025-11-20 16:45:00,FIT,鴻騰精密,6088.HK,HKD,2025-11-20,5.11,4.91,4.073,7110873347,current,36336563753,4.0049,Yahoo 歷史匯率（回補）,145522553407,139826946449,backfill_est
2025-11-20,2025-11-20 16:45:00,FVT,鴻華先進,2258.TW,TWD,2025-11-20,41.1,40.15,2.366,1744325100,current,71691758948,1.0,—,71691758948,70034655427,backfill_est
2025-11-21,2025-11-21 16:45:00,FHH,鴻海精密,2317.TW,TWD,2025-11-21,225.0,236.5,-4.863,14011672693,current,3152626355925,1.0,—,3152626355925,3313760591894,backfill_est
2025-11-21,2025-11-21 16:45:00,FIH,富智康,2038.HK,HKD,2025-11-21,17.4,18.35,-5.177,782836330,current,13621351843,4.0282,Yahoo 歷史匯率（回補）,54869421115,57865167842,backfill_est
2025-11-21,2025-11-21 16:45:00,FII,工業富聯,601138.SS,CNY,2025-11-21,60.67,65.94,-7.992,19844092284,current,1203941042535,4.4111,Yahoo 歷史匯率（回補）,5310739360214,5772048408556,backfill_est
2025-11-21,2025-11-21 16:45:00,FIT,鴻騰精密,6088.HK,HKD,2025-11-21,4.7,5.11,-8.023,7110873347,current,33421103375,4.0282,Yahoo 歷史匯率（回補）,134626622692,146370656989,backfill_est
2025-11-21,2025-11-21 16:45:00,FVT,鴻華先進,2258.TW,TWD,2025-11-21,40.8,41.1,-0.73,1744325100,current,71168462749,1.0,—,71168462749,71691758948,backfill_est
2025-11-24,2025-11-24 16:45:00,FHH,鴻海精密,2317.TW,TWD,2025-11-24,220.0,225.0,-2.222,14011672693,current,3082567992460,1.0,—,3082567992460,3152626355925,backfill_est
2025-11-24,2025-11-24 16:45:00,FIH,富智康,2038.HK,HKD,2025-11-24,19.08,17.4,9.655,782836330,current,14936517117,4.0251,Yahoo 歷史匯率（回補）,60120928643,54827260987,backfill_est
2025-11-24,2025-11-24 16:45:00,FII,工業富聯,601138.SS,CNY,2025-11-24,55.94,60.67,-7.796,19844092284,current,1110078495115,4.4098,Yahoo 歷史匯率（回補）,4895211077637,5309125034105,backfill_est
2025-11-24,2025-11-24 16:45:00,FIT,鴻騰精密,6088.HK,HKD,2025-11-24,4.6,4.7,-2.128,7110873347,current,32710016718,4.0251,Yahoo 歷史匯率（回補）,131660986672,134523179364,backfill_est
2025-11-24,2025-11-24 16:45:00,FVT,鴻華先進,2258.TW,TWD,2025-11-24,40.75,40.8,-0.123,1744325100,current,71081247825,1.0,—,71081247825,71168462749,backfill_est
2025-11-25,2025-11-25 16:45:00,FHH,鴻海精密,2317.TW,TWD,2025-11-25,219.0,220.0,-0.455,14011672693,current,3068556319767,1.0,—,3068556319767,3082567992460,backfill_est
2025-11-25,2025-11-25 16:45:00,FIH,富智康,2038.HK,HKD,2025-11-25,18.88,19.08,-1.048,782836330,current,14779949253,4.0383,Yahoo 歷史匯率（回補）,59686045813,60318315688,backfill_est
2025-11-25,2025-11-25 16:45:00,FII,工業富聯,601138.SS,CNY,2025-11-25,56.61,55.94,1.198,19844092284,current,1123374076309,4.4248,Yahoo 歷史匯率（回補）,4970750704535,4911919883190,backfill_est
2025-11-25,2025-11-25 16:45:00,FIT,鴻騰精密,6088.HK,HKD,2025-11-25,4.83,4.6,5.0,7110873347,current,34345517723,4.0383,Yahoo 歷史匯率（回補）,138697914937,132093251669,backfill_est
2025-11-25,2025-11-25 16:45:00,FVT,鴻華先進,2258.TW,TWD,2025-11-25,40.4,40.75,-0.859,1744325100,current,70470736702,1.0,—,70470736702,71081247825,backfill_est
2025-11-26,2025-11-26 16:45:00,FHH,鴻海精密,2317.TW,TWD,2025-11-26,227.0,219.0,3.653,14011672693,current,3180649701311,1.0,—,3180649701311,3068556319767,backfill_est
2025-11-26,2025-11-26 16:45:00,FIH,富智康,2038.HK,HKD,2025-11-26,19.08,18.88,1.059,782836330,current,14936517117,4.0363,Yahoo 歷史匯率（回補）,60287518922,59655571866,backfill_est
2025-11-26,2025-11-26 16:45:00,FII,工業富聯,601138.SS,CNY,2025-11-26,58.93,56.61,4.098,19844092284,current,1169412364352,4.4305,Yahoo 歷史匯率（回補）,5181118314343,4977144229057,backfill_est
2025-11-26,2025-11-26 16:45:00,FIT,鴻騰精密,6088.HK,HKD,2025-11-26,5.03,4.83,4.141,7110873347,current,35767694427,4.0363,Yahoo 歷史匯率（回補）,144367360726,138627099842,backfill_est
2025-11-26,2025-11-26 16:45:00,FVT,鴻華先進,2258.TW,TWD,2025-11-26,40.55,40.4,0.371,1744325100,current,70732381474,1.0,—,70732381474,70470736702,backfill_est
2025-11-27,2025-11-27 16:45:00,FHH,鴻海精密,2317.TW,TWD,2025-11-27,231.0,227.0,1.762,14011672693,current,3236696392083,1.0,—,3236696392083,3180649701311,backfill_est
2025-11-27,2025-11-27 16:45:00,FIH,富智康,2038.HK,HKD,2025-11-27,18.93,19.08,-0.786,782836330,current,14819091966,4.0176,Yahoo 歷史匯率（回補）,59537008106,60008774000,backfill_est
2025-11-27,2025-11-27 16:45:00,FII,工業富聯,601138.SS,CNY,2025-11-27,60.27,58.93,2.274,19844092284,current,1196003451041,4.4163,Yahoo 歷史匯率（回補）,5281917507766,5164483125609,backfill_est
2025-11-27,2025-11-27 16:45:00,FIT,鴻騰精密,6088.HK,HKD,2025-11-27,5.09,5.03,1.193,7110873347,current,36194346421,4.0176,Yahoo 歷史匯率（回補）,145413976866,143699864876,backfill_est
2025-11-27,2025-11-27 16:45:00,FVT,鴻華先進,2258.TW,TWD,2025-11-27,40.65,40.55,0.247,1744325100,current,70906817977,1.0,—,70906817977,70732381474,backfill_est
2025-11-28,2025-11-28 16:45:00,FHH,鴻海精密,2317.TW,TWD,2025-11-28,225.5,231.0,-2.381,14011672693,current,3159632192272,1.0,—,3159632192272,3236696392083,backfill_est
2025-11-28,2025-11-28 16:45:00,FIH,富智康,2038.HK,HKD,2025-11-28,19.0,18.93,0.37,782836330,current,14873890270,4.0257,Yahoo 歷史匯率（回補）,59877374610,59656774718,backfill_est
2025-11-28,2025-11-28 16:45:00,FII,工業富聯,601138.SS,CNY,2025-11-28,60.72,60.27,0.747,19844092284,current,1204933307708,4.4256,Yahoo 歷史匯率（回補）,5332559479293,5293039456469,backfill_est
2025-11-28,2025-11-28 16:45:00,FIT,鴻騰精密,6088.HK,HKD,2025-11-28,5.09,5.09,0.0,7110873347,current,36194346421,4.0257,Yahoo 歷史匯率（回補）,145706496424,145706496424,backfill_est
2025-11-28,2025-11-28 16:45:00,FVT,鴻華先進,2258.TW,TWD,2025-11-28,40.45,40.65,-0.492,1744325100,current,70557951626,1.0,—,70557951626,70906817977,backfill_est
2025-12-01,2025-12-01 16:45:00,FHH,鴻海精密,2317.TW,TWD,2025-12-01,222.0,225.5,-1.552,14011672693,current,3110591337846,1.0,—,3110591337846,3159632192272,backfill_est
2025-12-01,2025-12-01 16:45:00,FIH,富智康,2038.HK,HKD,2025-12-01,18.76,19.0,-1.263,782836330,current,14686009730,4.0305,Yahoo 歷史匯率（回補）,59192255383,59949511650,backfill_est
2025-12-01,2025-12-01 16:45:00,FII,工業富聯,601138.SS,CNY,2025-12-01,59.81,60.72,-1.499,19844092284,current,1186875186758,4.4348,Yahoo 歷史匯率（回補）,5263595426678,5343680210579,backfill_est
2025-12-01,2025-12-01 16:45:00,FIT,鴻騰精密,6088.HK,HKD,2025-12-01,4.98,5.09,-2.161,7110873347,current,35412149404,4.0305,Yahoo 歷史匯率（回補）,142729375080,145882035774,backfill_est
2025-12-01,2025-12-01 16:45:00,FVT,鴻華先進,2258.TW,TWD,2025-12-01,39.55,40.45,-2.225,1744325100,current,68988056374,1.0,—,68988056374,70557951626,backfill_est
2025-12-02,2025-12-02 16:45:00,FHH,鴻海精密,2317.TW,TWD,2025-12-02,222.0,222.0,0.0,14011672693,current,3110591337846,1.0,—,3110591337846,3110591337846,backfill_est
2025-12-02,2025-12-02 16:45:00,FIH,富智康,2038.HK,HKD,2025-12-02,19.77,18.76,5.384,782836330,current,15476674602,4.0311,Yahoo 歷史匯率（回補）,62387975558,59200728814,backfill_est
2025-12-02,2025-12-02 16:45:00,FII,工業富聯,601138.SS,CNY,2025-12-02,60.96,59.81,1.923,19844092284,current,1209695847465,4.4397,Yahoo 歷史匯率（回補）,5370647821595,5269331666819,backfill_est
2025-12-02,2025-12-02 16:45:00,FIT,鴻騰精密,6088.HK,HKD,2025-12-02,5.03,4.98,1.004,7110873347,current,35767694427,4.0311,Yahoo 歷史匯率（回補）,144183043388,142749806933,backfill_est
2025-12-02,2025-12-02 16:45:00,FVT,鴻華先進,2258.TW,TWD,2025-12-02,39.9,39.55,0.885,1744325100,current,69598574152,1.0,—,69598574152,68988056374,backfill_est
2025-12-03,2025-12-03 16:45:00,FHH,鴻海精密,2317.TW,TWD,2025-12-03,227.0,222.0,2.252,14011672693,current,3180649701311,1.0,—,3180649701311,3110591337846,backfill_est
2025-12-03,2025-12-03 16:45:00,FIH,富智康,2038.HK,HKD,2025-12-03,20.56,19.77,3.996,782836330,current,16095114527,4.0339,Yahoo 歷史匯率（回補）,64926708344,62431959485,backfill_est
2025-12-03,2025-12-03 16:45:00,FII,工業富聯,601138.SS,CNY,2025-12-03,61.68,60.96,1.181,19844092284,current,1223983618133,4.4416,Yahoo 歷史匯率（回補）,5436426190429,5372965855247,backfill_est
2025-12-03,2025-12-03 16:45:00,FIT,鴻騰精密,6088.HK,HKD,2025-12-03,4.95,5.03,-1.59,7110873347,current,35198821711,4.0339,Yahoo 歷史匯率（回補）,141989895598,144284693368,backfill_est
2025-12-03,2025-12-03 16:45:00,FVT,鴻華先進,2258.TW,TWD,2025-12-03,40.1,39.9,0.501,1744325100,current,69947433848,1.0,—,69947433848,69598574152,backfill_est
2025-12-04,2025-12-04 16:45:00,FHH,鴻海精密,2317.TW,TWD,2025-12-04,228.5,227.0,0.661,14011672693,current,3201667210350,1.0,—,3201667210350,3180649701311,backfill_est
2025-12-04,2025-12-04 16:45:00,FIH,富智康,2038.HK,HKD,2025-12-04,20.32,20.56,-1.167,782836330,current,15907233987,4.0232,Yahoo 歷史匯率（回補）,63998651828,64754540707,backfill_est
2025-12-04,2025-12-04 16:45:00,FII,工業富聯,601138.SS,CNY,2025-12-04,61.4,61.68,-0.454,19844092284,current,1218427296517,4.4332,Yahoo 歷史匯率（回補）,5401591810483,5426224368718,backfill_est
2025-12-04,2025-12-04 16:45:00,FIT,鴻騰精密,6088.HK,HKD,2025-12-04,5.02,4.95,1.414,7110873347,current,35696584066,4.0232,Yahoo 歷史匯率（回補）,143615996157,141613377746,backfill_est
2025-12-04,2025-12-04 16:45:00,FVT,鴻華先進,2258.TW,TWD,2025-12-04,39.9,40.1,-0.499,1744325100,current,69598574152,1.0,—,69598574152,69947433848,backfill_est
2025-12-05,2025-12-05 16:45:00,FHH,鴻海精密,2317.TW,TWD,2025-12-05,231.0,228.5,1.094,14011672693,current,3236696392083,1.0,—,3236696392083,3201667210350,backfill_est
2025-12-05,2025-12-05 16:45:00,FIH,富智康,2038.HK,HKD,2025-12-05,20.38,20.32,0.295,782836330,current,15954203748,4.0304,Yahoo 歷史匯率（回補）,64301659828,64112353380,backfill_est
2025-12-05,2025-12-05 16:45:00,FII,工業富聯,601138.SS,CNY,2025-12-05,61.12,61.4,-0.456,19844092284,current,1212870899202,4.4355,Yahoo 歷史匯率（回補）,5379655313691,5404300560238,backfill_est
2025-12-05,2025-12-05 16:45:00,FIT,鴻騰精密,6088.HK,HKD,2025-12-05,5.11,5.02,1.793,7110873347,current,36336563753,4.0304,Yahoo 歷史匯率（回補）,146450515398,143871147808,backfill_est
2025-12-05,2025-12-05 16:45:00,FVT,鴻華先進,2258.TW,TWD,2025-12-05,40.0,39.9,0.251,1744325100,current,69773004000,1.0,—,69773004000,69598574152,backfill_est
2025-12-08,2025-12-08 16:45:00,FHH,鴻海精密,2317.TW,TWD,2025-12-08,232.0,231.0,0.433,14011672693,current,3250708064776,1.0,—,3250708064776,3236696392083,backfill_est
2025-12-08,2025-12-08 16:45:00,FIH,富智康,2038.HK,HKD,2025-12-08,20.26,20.38,-0.589,782836330,current,15860264225,4.0173,Yahoo 歷史匯率（回補）,63715282698,64092665017,backfill_est
2025-12-08,2025-12-08 16:45:00,FII,工業富聯,601138.SS,CNY,2025-12-08,63.41,61.12,3.747,19844092284,current,1258313888700,4.4237,Yahoo 歷史匯率（回補）,5566440559629,5365413055948,backfill_est
2025-12-08,2025-12-08 16:45:00,FIT,鴻騰精密,6088.HK,HKD,2025-12-08,5.28,5.11,3.327,7110873347,current,37545412764,4.0173,Yahoo 歷史匯率（回補）,150830815574,145974518389,backfill_est
2025-12-08,2025-12-08 16:45:00,FVT,鴻華先進,2258.TW,TWD,2025-12-08,39.3,40.0,-1.75,1744325100,current,68551975099,1.0,—,68551975099,69773004000,backfill_est
2025-12-09,2025-12-09 16:45:00,FHH,鴻海精密,2317.TW,TWD,2025-12-09,235.0,232.0,1.293,14011672693,current,3292743082855,1.0,—,3292743082855,3250708064776,backfill_est
2025-12-09,2025-12-09 16:45:00,FIH,富智康,2038.HK,HKD,2025-12-09,20.64,20.26,1.876,782836330,current,16157741373,4.0055,Yahoo 歷史匯率（回補）,64719221818,63527688354,backfill_est
2025-12-09,2025-12-09 16:45:00,FII,工業富聯,601138.SS,CNY,2025-12-09,67.99,63.41,7.223,19844092284,current,1349199791998,4.4074,Yahoo 歷史匯率（回補）,5946458148316,5545887955944,backfill_est
2025-12-09,2025-12-09 16:45:00,FIT,鴻騰精密,6088.HK,HKD,2025-12-09,5.86,5.28,10.985,7110873347,current,41669718763,4.0055,Yahoo 歷史匯率（回補）,166906482124,150386730470,backfill_est
2025-12-09,2025-12-09 16:45:00,FVT,鴻華先進,2258.TW,TWD,2025-12-09,38.8,39.3,-1.272,1744325100,current,67679812549,1.0,—,67679812549,68551975099,backfill_est
2025-12-10,2025-12-10 16:45:00,FHH,鴻海精密,2317.TW,TWD,2025-12-10,233.5,235.0,-0.638,14011672693,current,3271725573816,1.0,—,3271725573816,3292743082855,backfill_est
2025-12-10,2025-12-10 16:45:00,FIH,富智康,2038.HK,HKD,2025-12-10,20.44,20.64,-0.969,782836330,current,16001175003,4.0027,Yahoo 歷史匯率（回補）,64047259901,64673941816,backfill_est
2025-12-10,2025-12-10 16:45:00,FII,工業富聯,601138.SS,CNY,2025-12-10,65.21,67.99,-4.089,19844092284,current,1294033239672,4.4103,Yahoo 歷史匯率（回補）,5707024689158,5950323598713,backfill_est
2025-12-10,2025-12-10 16:45:00,FIT,鴻騰精密,6088.HK,HKD,2025-12-10,5.78,5.86,-1.365,7110873347,current,41100849438,4.0027,Yahoo 歷史匯率（回補）,164512717694,166789708072,backfill_est
2025-12-10,2025-12-10 16:45:00,FVT,鴻華先進,2258.TW,TWD,2025-12-10,39.0,38.8,0.515,1744325100,current,68028678900,1.0,—,68028678900,67679812549,backfill_est
2025-12-11,2025-12-11 16:45:00,FHH,鴻海精密,2317.TW,TWD,2025-12-11,226.0,233.5,-3.212,14011672693,current,3166638028618,1.0,—,3166638028618,3271725573816,backfill_est
2025-12-11,2025-12-11 16:45:00,FIH,富智康,2038.HK,HKD,2025-12-11,20.02,20.44,-2.055,782836330,current,15672383685,3.9946,Yahoo 歷史匯率（回補）,62605170068,63918565453,backfill_est
2025-12-11,2025-12-11 16:45:00,FII,工業富聯,601138.SS,CNY,2025-12-11,62.3,65.21,-4.463,19844092284,current,1236286934153,4.3993,Yahoo 歷史匯率（回補）,5438857295053,5692903428159,backfill_est
2025-12-11,2025-12-11 16:45:00,FIT,鴻騰精密,6088.HK,HKD,2025-12-11,5.42,5.78,-6.228,7110873347,current,38540934083,3.9946,Yahoo 歷史匯率（回補）,153956269919,164182151274,backfill_est
2025-12-11,2025-12-11 16:45:00,FVT,鴻華先進,2258.TW,TWD,2025-12-11,38.85,39.0,-0.385,1744325100,current,67767027473,1.0,—,67767027473,68028678900,backfill_est
2025-12-12,2025-12-12 16:45:00,FHH,鴻海精密,2317.TW,TWD,2025-12-12,227.0,226.0,0.442,14011672693,current,3180649701311,1.0,—,3180649701311,3166638028618,backfill_est
2025-12-12,2025-12-12 16:45:00,FIH,富智康,2038.HK,HKD,2025-12-12,20.0,20.02,-0.1,782836330,current,15656726600,4.0067,Yahoo 歷史匯率（回補）,62732210226,62794943872,backfill_est
2025-12-12,2025-12-12 16:45:00,FII,工業富聯,601138.SS,CNY,2025-12-12,61.75,62.3,-0.883,19844092284,current,1225372698537,4.4178,Yahoo 歷史匯率（回補）,5413400998825,5461617459056,backfill_est
2025-12-12,2025-12-12 16:45:00,FIT,鴻騰精密,6088.HK,HKD,2025-12-12,5.6,5.42,3.321,7110873347,current,39820890065,4.0067,Yahoo 歷史匯率（回補）,159551387129,154422954489,backfill_est
2025-12-12,2025-12-12 16:45:00,FVT,鴻華先進,2258.TW,TWD,2025-12-12,38.85,38.85,0.0,1744325100,current,67767027473,1.0,—,67767027473,67767027473,backfill_est
2025-12-15,2025-12-15 16:45:00,FHH,鴻海精密,2317.TW,TWD,2025-12-15,221.5,227.0,-2.423,14011672693,current,3103585501500,1.0,—,3103585501500,3180649701311,backfill_est
2025-12-15,2025-12-15 16:45:00,FIH,富智康,2038.HK,HKD,2025-12-15,19.65,20.0,-1.75,782836330,current,15382733586,4.0248,Yahoo 歷史匯率（回補）,61913054240,63015832511,backfill_est
2025-12-15,2025-12-15 16:45:00,FII,工業富聯,601138.SS,CNY,2025-12-15,59.14,61.75,-4.227,19844092284,current,1173579605564,4.44,Yahoo 歷史匯率（回補）,5210750218525,5440714056724,backfill_est
2025-12-15,2025-12-15 16:45:00,FIT,鴻騰精密,6088.HK,HKD,2025-12-15,5.36,5.6,-4.286,7110873347,current,38114282089,4.0248,Yahoo 歷史匯率（回補）,153403918826,160272744291,backfill_est
2025-12-15,2025-12-15 16:45:00,FVT,鴻華先進,2258.TW,TWD,2025-12-15,38.4,38.85,-1.158,1744325100,current,66982086502,1.0,—,66982086502,67767027473,backfill_est
2025-12-16,2025-12-16 16:45:00,FHH,鴻海精密,2317.TW,TWD,2025-12-16,218.0,221.5,-1.58,14011672693,current,3054544647074,1.0,—,3054544647074,3103585501500,backfill_est
2025-12-16,2025-12-16 16:45:00,FIH,富智康,2038.HK,HKD,2025-12-16,19.0,19.65,-3.308,782836330,current,14873890270,4.0258,Yahoo 歷史匯率（回補）,59878580322,61927056868,backfill_est
2025-12-16,2025-12-16 16:45:00,FII,工業富聯,601138.SS,CNY,2025-12-16,58.95,59.14,-0.321,19844092284,current,1169809255282,4.4457,Yahoo 歷史匯率（回補）,5200596357908,5217358124715,backfill_est
2025-12-16,2025-12-16 16:45:00,FIT,鴻騰精密,6088.HK,HKD,2025-12-16,5.25,5.36,-2.052,7110873347,current,37332085072,4.0258,Yahoo 歷史匯率（回補）,150289683061,153438613576,backfill_est
2025-12-16,2025-12-16 16:45:00,FVT,鴻華先進,2258.TW,TWD,2025-12-16,38.05,38.4,-0.911,1744325100,current,66371568724,1.0,—,66371568724,66982086502,backfill_est
2025-12-17,2025-12-17 16:45:00,FHH,鴻海精密,2317.TW,TWD,2025-12-17,216.5,218.0,-0.688,14011672693,current,3033527138034,1.0,—,3033527138034,3054544647074,backfill_est
2025-12-17,2025-12-17 16:45:00,FIH,富智康,2038.HK,HKD,2025-12-17,19.31,19.0,1.632,782836330,current,15116569114,4.0449,Yahoo 歷史匯率（回補）,61145571746,60163951077,backfill_est
2025-12-17,2025-12-17 16:45:00,FII,工業富聯,601138.SS,CNY,2025-12-17,61.5,58.95,4.326,19844092284,current,1220411675466,4.4689,Yahoo 歷史匯率（回補）,5453957917497,5227818266626,backfill_est
2025-12-17,2025-12-17 16:45:00,FIT,鴻騰精密,6088.HK,HKD,2025-12-17,5.65,5.25,7.619,7110873347,current,40176435089,4.0449,Yahoo 歷史匯率（回補）,162511154194,151005937188,backfill_est
2025-12-17,2025-12-17 16:45:00,FVT,鴻華先進,2258.TW,TWD,2025-12-17,37.8,38.05,-0.657,1744325100,current,65935487449,1.0,—,65935487449,66371568724,backfill_est
2025-12-18,2025-12-18 16:45:00,FHH,鴻海精密,2317.TW,TWD,2025-12-18,216.0,216.5,-0.231,14011672693,current,3026521301688,1.0,—,3026521301688,3033527138034,backfill_est
2025-12-18,2025-12-18 16:45:00,FIH,富智康,2038.HK,HKD,2025-12-18,18.75,19.31,-2.9,782836330,current,14678181188,4.066,Yahoo 歷史匯率（回補）,59681176524,61463652630,backfill_est
2025-12-18,2025-12-18 16:45:00,FII,工業富聯,601138.SS,CNY,2025-12-18,58.28,61.5,-5.236,19844092284,current,1156513674088,4.4913,Yahoo 歷史匯率（回補）,5194228888216,5481212822859,backfill_est
2025-12-18,2025-12-18 16:45:00,FIT,鴻騰精密,6088.HK,HKD,2025-12-18,5.38,5.65,-4.779,7110873347,current,38256499421,4.066,Yahoo 歷史匯率（回補）,155550123407,163356541522,backfill_est
2025-12-18,2025-12-18 16:45:00,FVT,鴻華先進,2258.TW,TWD,2025-12-18,39.2,37.8,3.704,1744325100,current,68377545251,1.0,—,68377545251,65935487449,backfill_est
2025-12-19,2025-12-19 16:45:00,FHH,鴻海精密,2317.TW,TWD,2025-12-19,221.5,216.0,2.546,14011672693,current,3103585501500,1.0,—,3103585501500,3026521301688,backfill_est
2025-12-19,2025-12-19 16:45:00,FIH,富智康,2038.HK,HKD,2025-12-19,18.83,18.75,0.427,782836330,current,14740808034,4.0502,Yahoo 歷史匯率（回補）,59703649253,59449996178,backfill_est
2025-12-19,2025-12-19 16:45:00,FII,工業富聯,601138.SS,CNY,2025-12-19,58.3,58.28,0.034,19844092284,current,1156910565017,4.4761,Yahoo 歷史匯率（回補）,5178466496806,5176689966758,backfill_est
2025-12-19,2025-12-19 16:45:00,FIT,鴻騰精密,6088.HK,HKD,2025-12-19,5.4,5.38,0.372,7110873347,current,38398716752,4.0502,Yahoo 歷史匯率（回補）,155523598938,154947586168,backfill_est
2025-12-19,2025-12-19 16:45:00,FVT,鴻華先進,2258.TW,TWD,2025-12-19,39.5,39.2,0.765,1744325100,current,68900841450,1.0,—,68900841450,68377545251,backfill_est
2025-12-22,2025-12-22 16:45:00,FHH,鴻海精密,2317.TW,TWD,2025-12-22,224.0,221.5,1.129,14011672693,current,3138614683232,1.0,—,3138614683232,3103585501500,backfill_est
2025-12-22,2025-12-22 16:45:00,FIH,富智康,2038.HK,HKD,2025-12-22,19.0,18.83,0.903,782836330,current,14873890270,4.049,Yahoo 歷史匯率（回補）,60224009720,59685163075,backfill_est
2025-12-22,2025-12-22 16:45:00,FII,工業富聯,601138.SS,CNY,2025-12-22,60.62,58.3,3.979,19844092284,current,1202948853060,4.4744,Yahoo 歷史匯率（回補）,5382490841634,5176496494389,backfill_est
2025-12-22,2025-12-22 16:45:00,FIT,鴻騰精密,6088.HK,HKD,2025-12-22,5.7,5.4,5.556,7110873347,current,40531976722,4.049,Yahoo 歷史匯率（回補）,164112960075,155475443809,backfill_est
2025-12-22,2025-12-22 16:45:00,FVT,鴻華先進,2258.TW,TWD,2025-12-22,41.0,39.5,3.797,1744325100,current,71517329100,1.0,—,71517329100,68900841450,backfill_est
2025-12-23,2025-12-23 16:45:00,FHH,鴻海精密,2317.TW,TWD,2025-12-23,224.0,224.0,0.0,14011672693,current,3138614683232,1.0,—,3138614683232,3138614683232,backfill_est
2025-12-23,2025-12-23 16:45:00,FIH,富智康,2038.HK,HKD,2025-12-23,18.93,19.0,-0.368,782836330,current,14819091966,4.0531,Yahoo 歷史匯率（回補）,60062818087,60284919453,backfill_est
2025-12-23,2025-12-23 16:45:00,FII,工業富聯,601138.SS,CNY,2025-12-23,62.86,60.62,3.695,19844092284,current,1247399653084,4.4784,Yahoo 歷史匯率（回補）,5586395756042,5387325826857,backfill_est
2025-12-23,2025-12-23 16:45:00,FIT,鴻騰精密,6088.HK,HKD,2025-12-23,5.7,5.7,0.0,7110873347,current,40531976722,4.0531,Yahoo 歷史匯率（回補）,164278941662,164278941662,backfill_est
2025-12-23,2025-12-23 16:45:00,FVT,鴻華先進,2258.TW,TWD,2025-12-23,41.2,41.0,0.488,1744325100,current,71866195451,1.0,—,71866195451,71517329100,backfill_est
2025-12-24,2025-12-24 16:45:00,FHH,鴻海精密,2317.TW,TWD,2025-12-24,224.0,224.0,0.0,14011672693,current,3138614683232,1.0,—,3138614683232,3138614683232,backfill_est
2025-12-24,2025-12-24 16:45:00,FIH,富智康,2038.HK,HKD,2025-12-24,19.05,18.93,0.634,782836330,current,14913031489,4.0488,Yahoo 歷史匯率（回補）,60380194656,59999850344,backfill_est
2025-12-24,2025-12-24 16:45:00,FII,工業富聯,601138.SS,CNY,2025-12-24,65.14,62.86,3.627,19844092284,current,1292644159268,4.4806,Yahoo 歷史匯率（回補）,5791792689164,5589071160380,backfill_est
2025-12-24,2025-12-24 16:45:00,FIT,鴻騰精密,6088.HK,HKD,2025-12-24,5.51,5.7,-3.333,7110873347,current,39180913770,4.0488,Yahoo 歷史匯率（回補）,158636505389,164106717405,backfill_est
2025-12-24,2025-12-24 16:45:00,FVT,鴻華先進,2258.TW,TWD,2025-12-24,40.55,41.2,-1.578,1744325100,current,70732381474,1.0,—,70732381474,71866195451,backfill_est
2025-12-25,2025-12-25 16:45:00,FHH,鴻海精密,2317.TW,TWD,2025-12-25,224.0,224.0,0.0,14011672693,current,3138614683232,1.0,—,3138614683232,3138614683232,backfill_est
2025-12-25,2025-12-25 16:45:00,FIH,富智康,2038.HK,HKD,2025-12-25,19.05,19.05,0.0,782836330,current,14913031489,4.0488,Yahoo 歷史匯率（回補）,60380194656,60380194656,backfill_est
2025-12-25,2025-12-25 16:45:00,FII,工業富聯,601138.SS,CNY,2025-12-25,66.72,65.14,2.426,19844092284,current,1323997861412,4.4806,Yahoo 歷史匯率（回補）,5932275390111,5791792689164,backfill_est
2025-12-25,2025-12-25 16:45:00,FIT,鴻騰精密,6088.HK,HKD,2025-12-25,5.51,5.51,0.0,7110873347,current,39180913770,4.0488,Yahoo 歷史匯率（回補）,158636505389,158636505389,backfill_est
2025-12-25,2025-12-25 16:45:00,FVT,鴻華先進,2258.TW,TWD,2025-12-25,40.55,40.55,0.0,1744325100,current,70732381474,1.0,—,70732381474,70732381474,backfill_est
2025-12-26,2025-12-26 16:45:00,FHH,鴻海精密,2317.TW,TWD,2025-12-26,225.5,224.0,0.67,14011672693,current,3159632192272,1.0,—,3159632192272,3138614683232,backfill_est
2025-12-26,2025-12-26 16:45:00,FIH,富智康,2038.HK,HKD,2025-12-26,19.05,19.05,0.0,782836330,current,14913031489,4.06,Yahoo 歷史匯率（回補）,60546608327,60546608327,backfill_est
2025-12-26,2025-12-26 16:45:00,FII,工業富聯,601138.SS,CNY,2025-12-26,63.84,66.72,-4.317,19844092284,current,1266846854439,4.4921,Yahoo 歷史匯率（回補）,5690752591938,5947478367376,backfill_est
2025-12-26,2025-12-26 16:45:00,FIT,鴻騰精密,6088.HK,HKD,2025-12-26,5.51,5.51,0.0,7110873347,current,39180913770,4.06,Yahoo 歷史匯率（回補）,159073722980,159073722980,backfill_est
2025-12-26,2025-12-26 16:45:00,FVT,鴻華先進,2258.TW,TWD,2025-12-26,43.4,40.55,7.028,1744325100,current,75703712002,1.0,—,75703712002,70732381474,backfill_est
2025-12-29,2025-12-29 16:45:00,FHH,鴻海精密,2317.TW,TWD,2025-12-29,231.0,225.5,2.439,14011672693,current,3236696392083,1.0,—,3236696392083,3159632192272,backfill_est
2025-12-29,2025-12-29 16:45:00,FIH,富智康,2038.HK,HKD,2025-12-29,18.9,19.05,-0.787,782836330,current,14795606338,4.0375,Yahoo 歷史匯率（回補）,59736814709,60210915217,backfill_est
2025-12-29,2025-12-29 16:45:00,FII,工業富聯,601138.SS,CNY,2025-12-29,65.24,63.84,2.193,19844092284,current,1294628538217,4.465,Yahoo 歷史匯率（回補）,5780512684743,5656467546896,backfill_est
2025-12-29,2025-12-29 16:45:00,FIT,鴻騰精密,6088.HK,HKD,2025-12-29,5.19,5.51,-5.808,7110873347,current,36905433078,4.0375,Yahoo 歷史匯率（回補）,149004573866,158191758584,backfill_est
2025-12-29,2025-12-29 16:45:00,FVT,鴻華先進,2258.TW,TWD,2025-12-29,42.2,43.4,-2.765,1744325100,current,73610520551,1.0,—,73610520551,75703712002,backfill_est
2025-12-30,2025-12-30 16:45:00,FHH,鴻海精密,2317.TW,TWD,2025-12-30,228.0,231.0,-1.299,14011672693,current,3194661374004,1.0,—,3194661374004,3236696392083,backfill_est
2025-12-30,2025-12-30 16:45:00,FIH,富智康,2038.HK,HKD,2025-12-30,18.79,18.9,-0.582,782836330,current,14709495357,4.0286,Yahoo 歷史匯率（回補）,59259146113,59606055581,backfill_est
2025-12-30,2025-12-30 16:45:00,FII,工業富聯,601138.SS,CNY,2025-12-30,64.23,65.24,-1.548,19844092284,current,1274586114017,4.4704,Yahoo 歷史匯率（回補）,5697903649338,5787501206329,backfill_est
2025-12-30,2025-12-30 16:45:00,FIT,鴻騰精密,6088.HK,HKD,2025-12-30,5.07,5.19,-2.312,7110873347,current,36052129090,4.0286,Yahoo 歷史匯率（回補）,145240766833,148678414724,backfill_est
2025-12-30,2025-12-30 16:45:00,FVT,鴻華先進,2258.TW,TWD,2025-12-30,42.3,42.2,0.237,1744325100,current,73784950399,1.0,—,73784950399,73610520551,backfill_est
2025-12-31,2025-12-31 16:45:00,FHH,鴻海精密,2317.TW,TWD,2025-12-31,230.5,228.0,1.096,14011672693,current,3229690555736,1.0,—,3229690555736,3194661374004,backfill_est
2025-12-31,2025-12-31 16:45:00,FIH,富智康,2038.HK,HKD,2025-12-31,19.59,18.79,4.258,782836330,current,15335763824,4.0153,Yahoo 歷史匯率（回補）,61578340198,59063657972,backfill_est
2025-12-31,2025-12-31 16:45:00,FII,工業富聯,601138.SS,CNY,2025-12-31,62.05,64.23,-3.394,19844092284,current,1231325911082,4.4659,Yahoo 歷史匯率（回補）,5498928768523,5692122765585,backfill_est
2025-12-31,2025-12-31 16:45:00,FIT,鴻騰精密,6088.HK,HKD,2025-12-31,4.95,5.07,-2.367,7110873347,current,35198821711,4.0153,Yahoo 歷史匯率（回補）,141335315460,144761636617,backfill_est
2025-12-31,2025-12-31 16:45:00,FVT,鴻華先進,2258.TW,TWD,2025-12-31,43.1,42.3,1.891,1744325100,current,75180409148,1.0,—,75180409148,73784950399,backfill_est
2026-01-02,2026-01-02 16:45:00,FHH,鴻海精密,2317.TW,TWD,2026-01-02,232.0,230.5,0.651,14011672693,current,3250708064776,1.0,—,3250708064776,3229690555736,backfill_est
2026-01-02,2026-01-02 16:45:00,FIH,富智康,2038.HK,HKD,2026-01-02,19.35,19.59,-1.225,782836330,current,15147883284,4.0205,Yahoo 歷史匯率（回補）,60902233648,61657609454,backfill_est
2026-01-02,2026-01-02 16:45:00,FII,工業富聯,601138.SS,CNY,2026-01-02,62.05,62.05,0.0,19844092284,current,1231325911082,4.4744,Yahoo 歷史匯率（回補）,5509470988262,5509470988262,backfill_est
2026-01-02,2026-01-02 16:45:00,FIT,鴻騰精密,6088.HK,HKD,2026-01-02,5.11,4.95,3.232,7110873347,current,36336563753,4.0205,Yahoo 歷史匯率（回補）,146091559733,141517255170,backfill_est
2026-01-02,2026-01-02 16:45:00,FVT,鴻華先進,2258.TW,TWD,2026-01-02,42.6,43.1,-1.16,1744325100,current,74308246598,1.0,—,74308246598,75180409148,backfill_est
2026-01-05,2026-01-05 16:45:00,FHH,鴻海精密,2317.TW,TWD,2026-01-05,234.5,232.0,1.078,14011672693,current,3285737246508,1.0,—,3285737246508,3250708064776,backfill_est
2026-01-05,2026-01-05 16:45:00,FIH,富智康,2038.HK,HKD,2026-01-05,19.25,19.35,-0.517,782836330,current,15069599352,4.0246,Yahoo 歷史匯率（回補）,60648563874,60963622551,backfill_est
2026-01-05,2026-01-05 16:45:00,FII,工業富聯,601138.SS,CNY,2026-01-05,63.67,62.05,2.611,19844092284,current,1263473319387,4.4842,Yahoo 歷史匯率（回補）,5665710426541,5521553914787,backfill_est
2026-01-05,2026-01-05 16:45:00,FIT,鴻騰精密,6088.HK,HKD,2026-01-05,5.06,5.11,-0.978,7110873347,current,35981018729,4.0246,Yahoo 歷史匯率（回補）,144807905081,146238818709,backfill_est
2026-01-05,2026-01-05 16:45:00,FVT,鴻華先進,2258.TW,TWD,2026-01-05,41.65,42.6,-2.23,1744325100,current,72651143077,1.0,—,72651143077,74308246598,backfill_est
2026-01-06,2026-01-06 16:45:00,FHH,鴻海精密,2317.TW,TWD,2026-01-06,236.0,234.5,0.64,14011672693,current,3306754755548,1.0,—,3306754755548,3285737246508,backfill_est
2026-01-06,2026-01-06 16:45:00,FIH,富智康,2038.HK,HKD,2026-01-06,19.34,19.25,0.468,782836330,current,15140054742,4.0428,Yahoo 歷史匯率（回補）,61208183670,60923346760,backfill_est
2026-01-06,2026-01-06 16:45:00,FII,工業富聯,601138.SS,CNY,2026-01-06,64.05,63.67,0.597,19844092284,current,1271014171350,4.5041,Yahoo 歷史匯率（回補）,5724765728738,5690801031998,backfill_est
2026-01-06,2026-01-06 16:45:00,FIT,鴻騰精密,6088.HK,HKD,2026-01-06,4.84,5.06,-4.348,7110873347,current,34416628085,4.0428,Yahoo 歷史匯率（回補）,139139476643,145463992077,backfill_est
2026-01-06,2026-01-06 16:45:00,FVT,鴻華先進,2258.TW,TWD,2026-01-06,40.85,41.65,-1.921,1744325100,current,71255677673,1.0,—,71255677673,72651143077,backfill_est
2026-01-07,2026-01-07 16:45:00,FHH,鴻海精密,2317.TW,TWD,2026-01-07,238.5,236.0,1.059,14011672693,current,3341783937280,1.0,—,3341783937280,3306754755548,backfill_est
2026-01-07,2026-01-07 16:45:00,FIH,富智康,2038.HK,HKD,2026-01-07,19.43,19.34,0.465,782836330,current,15210510131,4.044,Yahoo 歷史匯率（回補）,61511406773,61226484698,backfill_est
2026-01-07,2026-01-07 16:45:00,FII,工業富聯,601138.SS,CNY,2026-01-07,63.15,64.05,-1.405,19844092284,current,1253154458014,4.5096,Yahoo 歷史匯率（回補）,5651182225682,5731721774427,backfill_est
2026-01-07,2026-01-07 16:45:00,FIT,鴻騰精密,6088.HK,HKD,2026-01-07,4.74,4.84,-2.066,7110873347,current,33705538037,4.044,Yahoo 歷史匯率（回補）,136305425846,139181078850,backfill_est
2026-01-07,2026-01-07 16:45:00,FVT,鴻華先進,2258.TW,TWD,2026-01-07,40.7,40.85,-0.367,1744325100,current,70994032901,1.0,—,70994032901,71255677673,backfill_est
2026-01-08,2026-01-08 16:45:00,FHH,鴻海精密,2317.TW,TWD,2026-01-08,229.5,238.5,-3.774,14011672693,current,3215678883044,1.0,—,3215678883044,3341783937280,backfill_est
2026-01-08,2026-01-08 16:45:00,FIH,富智康,2038.HK,HKD,2026-01-08,19.55,19.43,0.618,782836330,current,15304449654,4.0392,Yahoo 歷史匯率（回補）,61818314246,61438870156,backfill_est
2026-01-08,2026-01-08 16:45:00,FII,工業富聯,601138.SS,CNY,2026-01-08,61.33,63.15,-2.882,19844092284,current,1217038216113,4.495,Yahoo 歷史匯率（回補）,5470557718942,5632899363843,backfill_est
2026-01-08,2026-01-08 16:45:00,FIT,鴻騰精密,6088.HK,HKD,2026-01-08,4.49,4.74,-5.274,7110873347,current,31927819700,4.0392,Yahoo 歷史匯率（回補）,128964061827,136144689244,backfill_est
2026-01-08,2026-01-08 16:45:00,FVT,鴻華先進,2258.TW,TWD,2026-01-08,40.2,40.7,-1.229,1744325100,current,70121870351,1.0,—,70121870351,70994032901,backfill_est
2026-01-09,2026-01-09 16:45:00,FHH,鴻海精密,2317.TW,TWD,2026-01-09,230.5,229.5,0.436,14011672693,current,3229690555736,1.0,—,3229690555736,3215678883044,backfill_est
2026-01-09,2026-01-09 16:45:00,FIH,富智康,2038.HK,HKD,2026-01-09,19.55,19.55,0.0,782836330,current,15304449654,4.0484,Yahoo 歷史匯率（回補）,61958868532,61958868532,backfill_est
2026-01-09,2026-01-09 16:45:00,FII,工業富聯,601138.SS,CNY,2026-01-09,61.48,61.33,0.245,19844092284,current,1220014784536,4.517,Yahoo 歷史匯率（回補）,5510864482844,5497419182498,backfill_est
2026-01-09,2026-01-09 16:45:00,FIT,鴻騰精密,6088.HK,HKD,2026-01-09,4.53,4.49,0.891,7110873347,current,32212257754,4.0484,Yahoo 歷史匯率（回補）,130408808442,129257283209,backfill_est
2026-01-09,2026-01-09 16:45:00,FVT,鴻華先進,2258.TW,TWD,2026-01-09,40.55,40.2,0.871,1744325100,current,70732381474,1.0,—,70732381474,70121870351,backfill_est
2026-01-12,2026-01-12 16:45:00,FHH,鴻海精密,2317.TW,TWD,2026-01-12,228.5,230.5,-0.868,14011672693,current,3201667210350,1.0,—,3201667210350,3229690555736,backfill_est
2026-01-12,2026-01-12 16:45:00,FIH,富智康,2038.HK,HKD,2026-01-12,19.24,19.55,-1.586,782836330,current,15061770810,4.0529,Yahoo 歷史匯率（回補）,61043927470,62027481792,backfill_est
2026-01-12,2026-01-12 16:45:00,FII,工業富聯,601138.SS,CNY,2026-01-12,60.93,61.48,-0.895,19844092284,current,1209100548920,4.5281,Yahoo 歷史匯率（回補）,5474900538695,5524321039338,backfill_est
2026-01-12,2026-01-12 16:45:00,FIT,鴻騰精密,6088.HK,HKD,2026-01-12,4.4,4.53,-2.87,7110873347,current,31287843405,4.0529,Yahoo 歷史匯率（回補）,126806659563,130553223176,backfill_est
2026-01-12,2026-01-12 16:45:00,FVT,鴻華先進,2258.TW,TWD,2026-01-12,39.9,40.55,-1.603,1744325100,current,69598574152,1.0,—,69598574152,70732381474,backfill_est
2026-01-13,2026-01-13 16:45:00,FHH,鴻海精密,2317.TW,TWD,2026-01-13,226.5,228.5,-0.875,14011672693,current,3173643864964,1.0,—,3173643864964,3201667210350,backfill_est
2026-01-13,2026-01-13 16:45:00,FIH,富智康,2038.HK,HKD,2026-01-13,19.09,19.24,-0.78,782836330,current,14944345659,4.0494,Yahoo 歷史匯率（回補）,60515574103,60991075044,backfill_est
2026-01-13,2026-01-13 16:45:00,FII,工業富聯,601138.SS,CNY,2026-01-13,59.43,60.93,-2.462,19844092284,current,1179334410494,4.5274,Yahoo 歷史匯率（回補）,5339299453704,5474062185311,backfill_est
2026-01-13,2026-01-13 16:45:00,FIT,鴻騰精密,6088.HK,HKD,2026-01-13,4.42,4.4,0.455,7110873347,current,31430060736,4.0494,Yahoo 歷史匯率（回補）,127272763421,126696869123,backfill_est
2026-01-13,2026-01-13 16:45:00,FVT,鴻華先進,2258.TW,TWD,2026-01-13,39.6,39.9,-0.752,1744325100,current,69075271298,1.0,—,69075271298,69598574152,backfill_est
2026-01-14,2026-01-14 16:45:00,FHH,鴻海精密,2317.TW,TWD,2026-01-14,234.5,226.5,3.532,14011672693,current,3285737246508,1.0,—,3285737246508,3173643864964,backfill_est
2026-01-14,2026-01-14 16:45:00,FIH,富智康,2038.HK,HKD,2026-01-14,18.86,19.09,-1.205,782836330,current,14764293662,4.0527,Yahoo 歷史匯率（回補）,59835943489,60565648641,backfill_est
2026-01-14,2026-01-14 16:45:00,FII,工業富聯,601138.SS,CNY,2026-01-14,60.0,59.43,0.959,19844092284,current,1190645537040,4.5313,Yahoo 歷史匯率（回補）,5395130129565,5343876420776,backfill_est
2026-01-14,2026-01-14 16:45:00,FIT,鴻騰精密,6088.HK,HKD,2026-01-14,4.7,4.42,6.335,7110873347,current,33421103375,4.0527,Yahoo 歷史匯率（回補）,135447268844,127378077217,backfill_est
2026-01-14,2026-01-14 16:45:00,FVT,鴻華先進,2258.TW,TWD,2026-01-14,40.15,39.6,1.389,1744325100,current,70034655427,1.0,—,70034655427,69075271298,backfill_est
2026-01-15,2026-01-15 16:45:00,FHH,鴻海精密,2317.TW,TWD,2026-01-15,233.5,234.5,-0.426,14011672693,current,3271725573816,1.0,—,3271725573816,3285737246508,backfill_est
2026-01-15,2026-01-15 16:45:00,FIH,富智康,2038.HK,HKD,2026-01-15,19.18,18.86,1.697,782836330,current,15014801048,4.041,Yahoo 歷史匯率（回補）,60674795056,59662494973,backfill_est
2026-01-15,2026-01-15 16:45:00,FII,工業富聯,601138.SS,CNY,2026-01-15,60.79,60.0,1.317,19844092284,current,1206322388112,4.519,Yahoo 歷史匯率（回補）,5451321221450,5380478176691,backfill_est
2026-01-15,2026-01-15 16:45:00,FIT,鴻騰精密,6088.HK,HKD,2026-01-15,4.98,4.7,5.957,7110873347,current,35412149404,4.041,Yahoo 歷史匯率（回補）,143100458051,135054643167,backfill_est
2026-01-15,2026-01-15 16:45:00,FVT,鴻華先進,2258.TW,TWD,2026-01-15,39.95,40.15,-0.498,1744325100,current,69685789076,1.0,—,69685789076,70034655427,backfill_est
2026-01-16,2026-01-16 16:45:00,FHH,鴻海精密,2317.TW,TWD,2026-01-16,234.5,233.5,0.428,14011672693,current,3285737246508,1.0,—,3285737246508,3271725573816,backfill_est
2026-01-16,2026-01-16 16:45:00,FIH,富智康,2038.HK,HKD,2026-01-16,19.52,19.18,1.773,782836330,current,15280965520,4.048,Yahoo 歷史匯率（回補）,61857594010,60780155951,backfill_est
2026-01-16,2026-01-16 16:45:00,FII,工業富聯,601138.SS,CNY,2026-01-16,63.0,60.79,3.635,19844092284,current,1250177813892,4.5312,Yahoo 歷史匯率（回補）,5664780564010,5466063740832,backfill_est
2026-01-16,2026-01-16 16:45:00,FIT,鴻騰精密,6088.HK,HKD,2026-01-16,4.9,4.98,-1.606,7110873347,current,34843280078,4.048,Yahoo 歷史匯率（回補）,141046157735,143348949906,backfill_est
2026-01-16,2026-01-16 16:45:00,FVT,鴻華先進,2258.TW,TWD,2026-01-16,39.6,39.95,-0.876,1744325100,current,69075271298,1.0,—,69075271298,69685789076,backfill_est
2026-01-19,2026-01-19 16:45:00,FHH,鴻海精密,2317.TW,TWD,2026-01-19,229.5,234.5,-2.132,14011672693,current,3215678883044,1.0,—,3215678883044,3285737246508,backfill_est
2026-01-19,2026-01-19 16:45:00,FIH,富智康,2038.HK,HKD,2026-01-19,19.6,19.52,0.41,782836330,current,15343592367,4.0537,Yahoo 歷史匯率（回補）,62198890599,61945017823,backfill_est
2026-01-19,2026-01-19 16:45:00,FII,工業富聯,601138.SS,CNY,2026-01-19,60.9,63.0,-3.333,19844092284,current,1208505250375,4.5361,Yahoo 歷史匯率（回補）,5481900851764,5670931773530,backfill_est
2026-01-19,2026-01-19 16:45:00,FIT,鴻騰精密,6088.HK,HKD,2026-01-19,4.86,4.9,-0.816,7110873347,current,34558845416,4.0537,Yahoo 歷史匯率（回補）,140092475991,141245499354,backfill_est
2026-01-19,2026-01-19 16:45:00,FVT,鴻華先進,2258.TW,TWD,2026-01-19,39.0,39.6,-1.515,1744325100,current,68028678900,1.0,—,68028678900,69075271298,backfill_est
2026-01-20,2026-01-20 16:45:00,FHH,鴻海精密,2317.TW,TWD,2026-01-20,223.5,229.5,-2.614,14011672693,current,3131608846886,1.0,—,3131608846886,3215678883044,backfill_est
2026-01-20,2026-01-20 16:45:00,FIH,富智康,2038.HK,HKD,2026-01-20,19.29,19.6,-1.582,782836330,current,15100913522,4.0465,Yahoo 歷史匯率（回補）,61105576053,62087571649,backfill_est
2026-01-20,2026-01-20 16:45:00,FII,工業富聯,601138.SS,CNY,2026-01-20,59.67,60.9,-2.02,19844092284,current,1184096950251,4.5276,Yahoo 歷史匯率（回補）,5361156419988,5471668244958,backfill_est
2026-01-20,2026-01-20 16:45:00,FIT,鴻騰精密,6088.HK,HKD,2026-01-20,4.72,4.86,-2.881,7110873347,current,33563320706,4.0465,Yahoo 歷史匯率（回補）,135813375989,139841748894,backfill_est
2026-01-20,2026-01-20 16:45:00,FVT,鴻華先進,2258.TW,TWD,2026-01-20,38.8,39.0,-0.513,1744325100,current,67679812549,1.0,—,67679812549,68028678900,backfill_est
2026-01-21,2026-01-21 16:45:00,FHH,鴻海精密,2317.TW,TWD,2026-01-21,219.0,223.5,-2.013,14011672693,current,3068556319767,1.0,—,3068556319767,3131608846886,backfill_est
2026-01-21,2026-01-21 16:45:00,FIH,富智康,2038.HK,HKD,2026-01-21,20.0,19.29,3.681,782836330,current,15656726600,4.0622,Yahoo 歷史匯率（回補）,63600315405,61342507119,backfill_est
2026-01-21,2026-01-21 16:45:00,FII,工業富聯,601138.SS,CNY,2026-01-21,61.56,59.67,3.167,19844092284,current,1221602348255,4.5521,Yahoo 歷史匯率（回補）,5560880661300,5390151583418,backfill_est
2026-01-21,2026-01-21 16:45:00,FIT,鴻騰精密,6088.HK,HKD,2026-01-21,4.83,4.72,2.331,7110873347,current,34345517723,4.0622,Yahoo 歷史匯率（回補）,139517398225,136339979452,backfill_est
2026-01-21,2026-01-21 16:45:00,FVT,鴻華先進,2258.TW,TWD,2026-01-21,38.35,38.8,-1.16,1744325100,current,66894864923,1.0,—,66894864923,67679812549,backfill_est
2026-01-22,2026-01-22 16:45:00,FHH,鴻海精密,2317.TW,TWD,2026-01-22,223.5,219.0,2.055,14011672693,current,3131608846886,1.0,—,3131608846886,3068556319767,backfill_est
2026-01-22,2026-01-22 16:45:00,FIH,富智康,2038.HK,HKD,2026-01-22,20.36,20.0,1.8,782836330,current,15938548157,4.058,Yahoo 歷史匯率（回補）,64678455016,63534826205,backfill_est
2026-01-22,2026-01-22 16:45:00,FII,工業富聯,601138.SS,CNY,2026-01-22,62.75,61.56,1.933,19844092284,current,1245216790821,4.5436,Yahoo 歷史匯率（回補）,5657719248847,5550425573366,backfill_est
2026-01-22,2026-01-22 16:45:00,FIT,鴻騰精密,6088.HK,HKD,2026-01-22,4.83,4.83,0.0,7110873347,current,34345517723,4.058,Yahoo 歷史匯率（回補）,139373737259,139373737259,backfill_est
2026-01-22,2026-01-22 16:45:00,FVT,鴻華先進,2258.TW,TWD,2026-01-22,38.3,38.35,-0.13,1744325100,current,66807649999,1.0,—,66807649999,66894864923,backfill_est
2026-01-23,2026-01-23 16:45:00,FHH,鴻海精密,2317.TW,TWD,2026-01-23,221.5,223.5,-0.895,14011672693,current,3103585501500,1.0,—,3103585501500,3131608846886,backfill_est
2026-01-23,2026-01-23 16:45:00,FIH,富智康,2038.HK,HKD,2026-01-23,20.02,20.36,-1.67,782836330,current,15672383685,4.0507,Yahoo 歷史匯率（回補）,63484299417,64562454811,backfill_est
2026-01-23,2026-01-23 16:45:00,FII,工業富聯,601138.SS,CNY,2026-01-23,60.11,62.75,-4.207,19844092284,current,1192828399303,4.5297,Yahoo 歷史匯率（回補）,5403191322814,5640496623921,backfill_est
2026-01-23,2026-01-23 16:45:00,FIT,鴻騰精密,6088.HK,HKD,2026-01-23,4.78,4.83,-1.035,7110873347,current,33989976091,4.0507,Yahoo 歷史匯率（回補）,137683575306,139123771765,backfill_est
2026-01-23,2026-01-23 16:45:00,FVT,鴻華先進,2258.TW,TWD,2026-01-23,39.0,38.3,1.828,1744325100,current,68028678900,1.0,—,68028678900,66807649999,backfill_est
2026-01-26,2026-01-26 16:45:00,FHH,鴻海精密,2317.TW,TWD,2026-01-26,224.0,221.5,1.129,14011672693,current,3138614683232,1.0,—,3138614683232,3103585501500,backfill_est
2026-01-26,2026-01-26 16:45:00,FIH,富智康,2038.HK,HKD,2026-01-26,19.83,20.02,-0.949,782836330,current,15523644364,4.0228,Yahoo 歷史匯率（回補）,62447768435,63046109807,backfill_est
2026-01-26,2026-01-26 16:45:00,FII,工業富聯,601138.SS,CNY,2026-01-26,59.26,60.11,-1.414,19844092284,current,1175960875442,4.4992,Yahoo 歷史匯率（回補）,5290828893334,5366718478154,backfill_est
2026-01-26,2026-01-26 16:45:00,FIT,鴻騰精密,6088.HK,HKD,2026-01-26,4.75,4.78,-0.628,7110873347,current,33776648398,4.0228,Yahoo 歷史匯率（回補）,135875073418,136733237778,backfill_est
2026-01-26,2026-01-26 16:45:00,FVT,鴻華先進,2258.TW,TWD,2026-01-26,38.7,39.0,-0.769,1744325100,current,67505382701,1.0,—,67505382701,68028678900,backfill_est
2026-01-27,2026-01-27 16:45:00,FHH,鴻海精密,2317.TW,TWD,2026-01-27,225.5,224.0,0.67,14011672693,current,3159632192272,1.0,—,3159632192272,3138614683232,backfill_est
2026-01-27,2026-01-27 16:45:00,FIH,富智康,2038.HK,HKD,2026-01-27,20.04,19.83,1.059,782836330,current,15688040770,4.0322,Yahoo 歷史匯率（回補）,63256567726,62593696401,backfill_est
2026-01-27,2026-01-27 16:45:00,FII,工業富聯,601138.SS,CNY,2026-01-27,60.97,59.26,2.886,19844092284,current,1209894330779,4.5211,Yahoo 歷史匯率（回補）,5470030221189,5316614322395,backfill_est
2026-01-27,2026-01-27 16:45:00,FIT,鴻騰精密,6088.HK,HKD,2026-01-27,4.96,4.75,4.421,7110873347,current,35269932072,4.0322,Yahoo 歷史匯率（回補）,142213733350,136192586334,backfill_est
2026-01-27,2026-01-27 16:45:00,FVT,鴻華先進,2258.TW,TWD,2026-01-27,38.6,38.7,-0.258,1744325100,current,67330946198,1.0,—,67330946198,67505382701,backfill_est
2026-01-28,2026-01-28 16:45:00,FHH,鴻海精密,2317.TW,TWD,2026-01-28,225.5,225.5,0.0,14011672693,current,3159632192272,1.0,—,3159632192272,3159632192272,backfill_est
2026-01-28,2026-01-28 16:45:00,FIH,富智康,2038.HK,HKD,2026-01-28,19.9,20.04,-0.699,782836330,current,15578442668,3.9876,Yahoo 歷史匯率（回補）,62121160200,62558197545,backfill_est
2026-01-28,2026-01-28 16:45:00,FII,工業富聯,601138.SS,CNY,2026-01-28,60.69,60.97,-0.459,19844092284,current,1204337933464,4.4734,Yahoo 歷史匯率（回補）,5387492043993,5412348062803,backfill_est
2026-01-28,2026-01-28 16:45:00,FIT,鴻騰精密,6088.HK,HKD,2026-01-28,5.03,4.96,1.411,7110873347,current,35767694427,3.9876,Yahoo 歷史匯率（回補）,142628549130,140643654000,backfill_est
2026-01-28,2026-01-28 16:45:00,FVT,鴻華先進,2258.TW,TWD,2026-01-28,38.55,38.6,-0.13,1744325100,current,67243731274,1.0,—,67243731274,67330946198,backfill_est
2026-01-29,2026-01-29 16:45:00,FHH,鴻海精密,2317.TW,TWD,2026-01-29,224.0,225.5,-0.665,14011672693,current,3138614683232,1.0,—,3138614683232,3159632192272,backfill_est
2026-01-29,2026-01-29 16:45:00,FIH,富智康,2038.HK,HKD,2026-01-29,19.78,19.9,-0.603,782836330,current,15484503145,4.008,Yahoo 歷史匯率（回補）,62061576899,62438084618,backfill_est
2026-01-29,2026-01-29 16:45:00,FII,工業富聯,601138.SS,CNY,2026-01-29,57.6,60.69,-5.091,19844092284,current,1143019685279,4.4963,Yahoo 歷史匯率（回補）,5139372670020,5415078620632,backfill_est
2026-01-29,2026-01-29 16:45:00,FIT,鴻騰精密,6088.HK,HKD,2026-01-29,4.7,5.03,-6.561,7110873347,current,33421103375,4.008,Yahoo 歷史匯率（回補）,133951109553,143356199255,backfill_est
2026-01-29,2026-01-29 16:45:00,FVT,鴻華先進,2258.TW,TWD,2026-01-29,38.4,38.55,-0.389,1744325100,current,66982086502,1.0,—,66982086502,67243731274,backfill_est
2026-01-30,2026-01-30 16:45:00,FHH,鴻海精密,2317.TW,TWD,2026-01-30,220.5,224.0,-1.562,14011672693,current,3089573828806,1.0,—,3089573828806,3138614683232,backfill_est
2026-01-30,2026-01-30 16:45:00,FIH,富智康,2038.HK,HKD,2026-01-30,20.0,19.78,1.112,782836330,current,15656726600,4.0178,Yahoo 歷史匯率（回補）,62905347484,62213390821,backfill_est
2026-01-30,2026-01-30 16:45:00,FII,工業富聯,601138.SS,CNY,2026-01-30,57.7,57.6,0.174,19844092284,current,1145004139927,4.5138,Yahoo 歷史匯率（回補）,5168289671577,5159332292207,backfill_est
2026-01-30,2026-01-30 16:45:00,FIT,鴻騰精密,6088.HK,HKD,2026-01-30,4.91,4.7,4.468,7110873347,current,34914387049,4.0178,Yahoo 歷史匯率（回補）,140278469797,134278778366,backfill_est
2026-01-30,2026-01-30 16:45:00,FVT,鴻華先進,2258.TW,TWD,2026-01-30,38.35,38.4,-0.13,1744325100,current,66894864923,1.0,—,66894864923,66982086502,backfill_est
2026-02-02,2026-02-02 16:45:00,FHH,鴻海精密,2317.TW,TWD,2026-02-02,214.5,220.5,-2.721,14011672693,current,3005503792648,1.0,—,3005503792648,3089573828806,backfill_est
2026-02-02,2026-02-02 16:45:00,FIH,富智康,2038.HK,HKD,2026-02-02,20.46,20.0,2.3,782836330,current,16016830595,4.0439,Yahoo 歷史匯率（回補）,64770301065,63314080121,backfill_est
2026-02-02,2026-02-02 16:45:00,FII,工業富聯,601138.SS,CNY,2026-02-02,55.68,57.7,-3.501,19844092284,current,1104919064429,4.5437,Yahoo 歷史匯率（回補）,5020379505353,5202512566477,backfill_est
2026-02-02,2026-02-02 16:45:00,FIT,鴻騰精密,6088.HK,HKD,2026-02-02,4.7,4.91,-4.277,7110873347,current,33421103375,4.0439,Yahoo 歷史匯率（回補）,135151265705,141189940621,backfill_est
2026-02-02,2026-02-02 16:45:00,FVT,鴻華先進,2258.TW,TWD,2026-02-02,37.7,38.35,-1.695,1744325100,current,65761057601,1.0,—,65761057601,66894864923,backfill_est
2026-02-03,2026-02-03 16:45:00,FHH,鴻海精密,2317.TW,TWD,2026-02-03,216.5,214.5,0.932,14011672693,current,3033527138034,1.0,—,3033527138034,3005503792648,backfill_est
2026-02-03,2026-02-03 16:45:00,FIH,富智康,2038.HK,HKD,2026-02-03,21.48,20.46,4.985,782836330,current,16815324010,4.0429,Yahoo 歷史匯率（回補）,67981953242,64753758414,backfill_est
2026-02-03,2026-02-03 16:45:00,FII,工業富聯,601138.SS,CNY,2026-02-03,55.75,55.68,0.126,19844092284,current,1106308144833,4.5459,Yahoo 歷史匯率（回補）,5029152729436,5022838125736,backfill_est
2026-02-03,2026-02-03 16:45:00,FIT,鴻騰精密,6088.HK,HKD,2026-02-03,5.15,4.7,9.574,7110873347,current,36620998415,4.0429,Yahoo 歷史匯率（回補）,148053466019,135116747411,backfill_est
2026-02-03,2026-02-03 16:45:00,FVT,鴻華先進,2258.TW,TWD,2026-02-03,37.8,37.7,0.265,1744325100,current,65935487449,1.0,—,65935487449,65761057601,backfill_est
2026-02-04,2026-02-04 16:45:00,FHH,鴻海精密,2317.TW,TWD,2026-02-04,219.0,216.5,1.155,14011672693,current,3068556319767,1.0,—,3068556319767,3033527138034,backfill_est
2026-02-04,2026-02-04 16:45:00,FIH,富智康,2038.HK,HKD,2026-02-04,20.5,21.48,-4.562,782836330,current,16048144765,4.0409,Yahoo 歷史匯率（回補）,64849380410,67949495684,backfill_est
2026-02-04,2026-02-04 16:45:00,FII,工業富聯,601138.SS,CNY,2026-02-04,53.41,55.75,-4.197,19844092284,current,1059872965860,4.551,Yahoo 歷史匯率（回補）,4823440384418,5034765066458,backfill_est
2026-02-04,2026-02-04 16:45:00,FIT,鴻騰精密,6088.HK,HKD,2026-02-04,4.88,5.15,-5.243,7110873347,current,34701062747,4.0409,Yahoo 歷史匯率（回補）,140224459069,147982778820,backfill_est
2026-02-04,2026-02-04 16:45:00,FVT,鴻華先進,2258.TW,TWD,2026-02-04,38.3,37.8,1.323,1744325100,current,66807649999,1.0,—,66807649999,65935487449,backfill_est
2026-02-05,2026-02-05 16:45:00,FHH,鴻海精密,2317.TW,TWD,2026-02-05,215.5,219.0,-1.598,14011672693,current,3019515465342,1.0,—,3019515465342,3068556319767,backfill_est
2026-02-05,2026-02-05 16:45:00,FIH,富智康,2038.HK,HKD,2026-02-05,19.34,20.5,-5.659,782836330,current,15140054742,4.0521,Yahoo 歷史匯率（回補）,61348592627,65028238828,backfill_est
2026-02-05,2026-02-05 16:45:00,FII,工業富聯,601138.SS,CNY,2026-02-05,53.88,53.41,0.88,19844092284,current,1069199713458,4.5631,Yahoo 歷史匯率（回補）,4878816318745,4836257863290,backfill_est
2026-02-05,2026-02-05 16:45:00,FIT,鴻騰精密,6088.HK,HKD,2026-02-05,4.74,4.88,-2.869,7110873347,current,33705538037,4.0521,Yahoo 歷史匯率（回補）,136577268550,140611206400,backfill_est
2026-02-05,2026-02-05 16:45:00,FVT,鴻華先進,2258.TW,TWD,2026-02-05,37.85,38.3,-1.175,1744325100,current,66022702373,1.0,—,66022702373,66807649999,backfill_est
2026-02-06,2026-02-06 16:45:00,FHH,鴻海精密,2317.TW,TWD,2026-02-06,215.0,215.5,-0.232,14011672693,current,3012509628995,1.0,—,3012509628995,3019515465342,backfill_est
2026-02-06,2026-02-06 16:45:00,FIH,富智康,2038.HK,HKD,2026-02-06,19.17,19.34,-0.879,782836330,current,15006972506,4.0504,Yahoo 歷史匯率（回補）,60784989508,61324032430,backfill_est
2026-02-06,2026-02-06 16:45:00,FII,工業富聯,601138.SS,CNY,2026-02-06,54.4,53.88,0.965,19844092284,current,1079518650529,4.5618,Yahoo 歷史匯率（回補）,4924539493320,4877466649222,backfill_est
2026-02-06,2026-02-06 16:45:00,FIT,鴻騰精密,6088.HK,HKD,2026-02-06,4.75,4.74,0.211,7110873347,current,33776648398,4.0504,Yahoo 歷史匯率（回補）,136810620377,136522591426,backfill_est
2026-02-06,2026-02-06 16:45:00,FVT,鴻華先進,2258.TW,TWD,2026-02-06,37.5,37.85,-0.925,1744325100,current,65412191250,1.0,—,65412191250,66022702373,backfill_est
2026-02-09,2026-02-09 16:45:00,FHH,鴻海精密,2317.TW,TWD,2026-02-09,218.5,215.0,1.628,14011672693,current,3061550483420,1.0,—,3061550483420,3012509628995,backfill_est
2026-02-09,2026-02-09 16:45:00,FIH,富智康,2038.HK,HKD,2026-02-09,20.0,19.17,4.33,782836330,current,15656726600,4.041,Yahoo 歷史匯率（回補）,63268300393,60642666168,backfill_est
2026-02-09,2026-02-09 16:45:00,FII,工業富聯,601138.SS,CNY,2026-02-09,55.52,54.4,2.059,19844092284,current,1101744012692,4.5505,Yahoo 歷史匯率（回補）,5013484860891,4912348375968,backfill_est
2026-02-09,2026-02-09 16:45:00,FIT,鴻騰精密,6088.HK,HKD,2026-02-09,5.42,4.75,14.105,7110873347,current,38540934083,4.041,Yahoo 歷史匯率（回補）,155742605547,136490288918,backfill_est
2026-02-09,2026-02-09 16:45:00,FVT,鴻華先進,2258.TW,TWD,2026-02-09,37.85,37.5,0.933,1744325100,current,66022702373,1.0,—,66022702373,65412191250,backfill_est
2026-02-10,2026-02-10 16:45:00,FHH,鴻海精密,2317.TW,TWD,2026-02-10,221.0,218.5,1.144,14011672693,current,3096579665153,1.0,—,3096579665153,3061550483420,backfill_est
2026-02-10,2026-02-10 16:45:00,FIH,富智康,2038.HK,HKD,2026-02-10,20.66,20.0,3.3,782836330,current,16173398458,4.0385,Yahoo 歷史匯率（回補）,65315927628,63229359255,backfill_est
2026-02-10,2026-02-10 16:45:00,FII,工業富聯,601138.SS,CNY,2026-02-10,56.07,55.52,0.991,19844092284,current,1112658248308,4.5595,Yahoo 歷史匯率（回補）,5073220016126,5023456021950,backfill_est
2026-02-10,2026-02-10 16:45:00,FIT,鴻騰精密,6088.HK,HKD,2026-02-10,5.54,5.42,2.214,7110873347,current,39394238071,4.0385,Yahoo 歷史匯率（回補）,159092797314,155646747205,backfill_est
2026-02-10,2026-02-10 16:45:00,FVT,鴻華先進,2258.TW,TWD,2026-02-10,39.1,37.85,3.303,1744325100,current,68203108748,1.0,—,68203108748,66022702373,backfill_est
2026-02-11,2026-02-11 16:45:00,FHH,鴻海精密,2317.TW,TWD,2026-02-11,227.0,221.0,2.715,14011672693,current,3180649701311,1.0,—,3180649701311,3096579665153,backfill_est
2026-02-11,2026-02-11 16:45:00,FIH,富智康,2038.HK,HKD,2026-02-11,20.22,20.66,-2.13,782836330,current,15828950055,4.0265,Yahoo 歷史匯率（回補）,63735520038,65122447031,backfill_est
2026-02-11,2026-02-11 16:45:00,FII,工業富聯,601138.SS,CNY,2026-02-11,55.2,56.07,-1.552,19844092284,current,1095393909217,4.5551,Yahoo 歷史匯率（回補）,4989664576689,5068305931619,backfill_est
2026-02-11,2026-02-11 16:45:00,FIT,鴻騰精密,6088.HK,HKD,2026-02-11,5.72,5.54,3.249,7110873347,current,40674194053,4.0265,Yahoo 歷史匯率（回補）,163775291542,158621528353,backfill_est
2026-02-11,2026-02-11 16:45:00,FVT,鴻華先進,2258.TW,TWD,2026-02-11,39.5,39.1,1.023,1744325100,current,68900841450,1.0,—,68900841450,68203108748,backfill_est
2026-02-12,2026-02-12 16:45:00,FHH,鴻海精密,2317.TW,TWD,2026-02-12,227.0,227.0,0.0,14011672693,current,3180649701311,1.0,—,3180649701311,3180649701311,backfill_est
2026-02-12,2026-02-12 16:45:00,FIH,富智康,2038.HK,HKD,2026-02-12,20.44,20.22,1.088,782836330,current,16001175003,4.0091,Yahoo 歷史匯率（回補）,64150905207,63460431769,backfill_est
2026-02-12,2026-02-12 16:45:00,FII,工業富聯,601138.SS,CNY,2026-02-12,55.33,55.2,0.236,19844092284,current,1097973662409,4.5334,Yahoo 歷史匯率（回補）,4977533600917,4965838595255,backfill_est
2026-02-12,2026-02-12 16:45:00,FIT,鴻騰精密,6088.HK,HKD,2026-02-12,6.29,5.72,9.965,7110873347,current,44727393081,4.0091,Yahoo 歷史匯率（回補）,179318253387,163068422571,backfill_est
2026-02-12,2026-02-12 16:45:00,FVT,鴻華先進,2258.TW,TWD,2026-02-12,39.5,39.5,0.0,1744325100,current,68900841450,1.0,—,68900841450,68900841450,backfill_est
2026-02-13,2026-02-13 16:45:00,FHH,鴻海精密,2317.TW,TWD,2026-02-13,227.0,227.0,0.0,14011672693,current,3180649701311,1.0,—,3180649701311,3180649701311,backfill_est
2026-02-13,2026-02-13 16:45:00,FIH,富智康,2038.HK,HKD,2026-02-13,20.8,20.44,1.761,782836330,current,16282995067,4.0195,Yahoo 歷史匯率（回補）,65448881685,64316116619,backfill_est
2026-02-13,2026-02-13 16:45:00,FII,工業富聯,601138.SS,CNY,2026-02-13,54.75,55.33,-1.048,19844092284,current,1086464052549,4.5531,Yahoo 歷史匯率（回補）,4946788023163,4999192518346,backfill_est
2026-02-13,2026-02-13 16:45:00,FIT,鴻騰精密,6088.HK,HKD,2026-02-13,5.51,6.29,-12.401,7110873347,current,39180913770,4.0195,Yahoo 歷史匯率（回補）,157486198277,179780061708,backfill_est
2026-02-13,2026-02-13 16:45:00,FVT,鴻華先進,2258.TW,TWD,2026-02-13,39.5,39.5,0.0,1744325100,current,68900841450,1.0,—,68900841450,68900841450,backfill_est
2026-02-16,2026-02-16 16:45:00,FHH,鴻海精密,2317.TW,TWD,2026-02-16,227.0,227.0,0.0,14011672693,current,3180649701311,1.0,—,3180649701311,3180649701311,backfill_est
2026-02-16,2026-02-16 16:45:00,FIH,富智康,2038.HK,HKD,2026-02-16,21.0,20.8,0.962,782836330,current,16439562930,4.0111,Yahoo 歷史匯率（回補）,65940782706,65312772856,backfill_est
2026-02-16,2026-02-16 16:45:00,FII,工業富聯,601138.SS,CNY,2026-02-16,54.75,54.75,0.0,19844092284,current,1086464052549,4.541,Yahoo 歷史匯率（回補）,4933597327503,4933597327503,backfill_est
2026-02-16,2026-02-16 16:45:00,FIT,鴻騰精密,6088.HK,HKD,2026-02-16,5.49,5.51,-0.363,7110873347,current,39038693047,4.0111,Yahoo 歷史匯率（回補）,156588224781,157158686767,backfill_est
2026-02-16,2026-02-16 16:45:00,FVT,鴻華先進,2258.TW,TWD,2026-02-16,39.5,39.5,0.0,1744325100,current,68900841450,1.0,—,68900841450,68900841450,backfill_est
2026-02-20,2026-02-20 16:45:00,FHH,鴻海精密,2317.TW,TWD,2026-02-20,227.0,227.0,0.0,14011672693,current,3180649701311,1.0,—,3180649701311,3180649701311,backfill_est
2026-02-20,2026-02-20 16:45:00,FIH,富智康,2038.HK,HKD,2026-02-20,21.14,21.0,0.667,782836330,current,16549159538,4.0411,Yahoo 歷史匯率（回補）,66877590261,66434694231,backfill_est
2026-02-20,2026-02-20 16:45:00,FII,工業富聯,601138.SS,CNY,2026-02-20,54.75,54.75,0.0,19844092284,current,1086464052549,4.5713,Yahoo 歷史匯率（回補）,4966553494128,4966553494128,backfill_est
2026-02-20,2026-02-20 16:45:00,FIT,鴻騰精密,6088.HK,HKD,2026-02-20,5.59,5.49,1.822,7110873347,current,39749783095,4.0411,Yahoo 歷史匯率（回補）,160634725928,157761106352,backfill_est
2026-02-20,2026-02-20 16:45:00,FVT,鴻華先進,2258.TW,TWD,2026-02-20,39.5,39.5,0.0,1744325100,current,68900841450,1.0,—,68900841450,68900841450,backfill_est
2026-02-23,2026-02-23 16:45:00,FHH,鴻海精密,2317.TW,TWD,2026-02-23,228.5,227.0,0.661,14011672693,current,3201667210350,1.0,—,3201667210350,3180649701311,backfill_est
2026-02-23,2026-02-23 16:45:00,FIH,富智康,2038.HK,HKD,2026-02-23,21.44,21.14,1.419,782836330,current,16784011333,4.0323,Yahoo 歷史匯率（回補）,67678737052,66731736210,backfill_est
2026-02-23,2026-02-23 16:45:00,FII,工業富聯,601138.SS,CNY,2026-02-23,54.75,54.75,0.0,19844092284,current,1086464052549,4.5615,Yahoo 歷史匯率（回補）,4955930580420,4955930580420,backfill_est
2026-02-23,2026-02-23 16:45:00,FIT,鴻騰精密,6088.HK,HKD,2026-02-23,5.6,5.59,0.179,7110873347,current,39820890065,4.0323,Yahoo 歷史匯率（回補）,160571122981,160284395937,backfill_est
2026-02-23,2026-02-23 16:45:00,FVT,鴻華先進,2258.TW,TWD,2026-02-23,39.45,39.5,-0.127,1744325100,current,68813626526,1.0,—,68813626526,68900841450,backfill_est
2026-02-24,2026-02-24 16:45:00,FHH,鴻海精密,2317.TW,TWD,2026-02-24,232.0,228.5,1.532,14011672693,current,3250708064776,1.0,—,3250708064776,3201667210350,backfill_est
2026-02-24,2026-02-24 16:45:00,FIH,富智康,2038.HK,HKD,2026-02-24,22.08,21.44,2.985,782836330,current,17285026107,4.0203,Yahoo 歷史匯率（回補）,69490939474,67476711258,backfill_est
2026-02-24,2026-02-24 16:45:00,FII,工業富聯,601138.SS,CNY,2026-02-24,55.38,54.75,1.151,19844092284,current,1098965851884,4.5505,Yahoo 歷史匯率（回補）,5000835395708,4943946056957,backfill_est
2026-02-24,2026-02-24 16:45:00,FIT,鴻騰精密,6088.HK,HKD,2026-02-24,5.64,5.6,0.714,7110873347,current,40105324728,4.0203,Yahoo 歷史匯率（回補）,161235318711,160091806876,backfill_est
2026-02-24,2026-02-24 16:45:00,FVT,鴻華先進,2258.TW,TWD,2026-02-24,39.3,39.45,-0.38,1744325100,current,68551975099,1.0,—,68551975099,68813626526,backfill_est
2026-02-25,2026-02-25 16:45:00,FHH,鴻海精密,2317.TW,TWD,2026-02-25,246.5,232.0,6.25,14011672693,current,3453877318824,1.0,—,3453877318824,3250708064776,backfill_est
2026-02-25,2026-02-25 16:45:00,FIH,富智康,2038.HK,HKD,2026-02-25,22.0,22.08,-0.362,782836330,current,17222399260,4.0109,Yahoo 歷史匯率（回補）,69077387245,69328577504,backfill_est
2026-02-25,2026-02-25 16:45:00,FII,工業富聯,601138.SS,CNY,2026-02-25,57.39,55.38,3.629,19844092284,current,1138852444067,4.5586,Yahoo 歷史匯率（回補）,5191539690254,5009713829049,backfill_est
2026-02-25,2026-02-25 16:45:00,FIT,鴻騰精密,6088.HK,HKD,2026-02-25,6.01,5.64,6.56,7110873347,current,42736350443,4.0109,Yahoo 歷史匯率（回補）,171411391898,160858600766,backfill_est
2026-02-25,2026-02-25 16:45:00,FVT,鴻華先進,2258.TW,TWD,2026-02-25,39.25,39.3,-0.127,1744325100,current,68464760175,1.0,—,68464760175,68551975099,backfill_est
2026-02-26,2026-02-26 16:45:00,FHH,鴻海精密,2317.TW,TWD,2026-02-26,243.0,246.5,-1.42,14011672693,current,3404836464399,1.0,—,3404836464399,3453877318824,backfill_est
2026-02-26,2026-02-26 16:45:00,FIH,富智康,2038.HK,HKD,2026-02-26,21.98,22.0,-0.091,782836330,current,17206742175,3.9988,Yahoo 歷史匯率（回補）,68806062834,68868672151,backfill_est
2026-02-26,2026-02-26 16:45:00,FII,工業富聯,601138.SS,CNY,2026-02-26,57.95,57.39,0.976,19844092284,current,1149965162998,4.5521,Yahoo 歷史匯率（回補）,5234725250938,5184139344282,backfill_est
2026-02-26,2026-02-26 16:45:00,FIT,鴻騰精密,6088.HK,HKD,2026-02-26,6.7,6.01,11.481,7110873347,current,47642850069,3.9988,Yahoo 歷史匯率（回補）,190513515113,170893477915,backfill_est
2026-02-26,2026-02-26 16:45:00,FVT,鴻華先進,2258.TW,TWD,2026-02-26,39.6,39.25,0.892,1744325100,current,69075271298,1.0,—,69075271298,68464760175,backfill_est
2026-02-27,2026-02-27 16:45:00,FHH,鴻海精密,2317.TW,TWD,2026-02-27,243.0,243.0,0.0,14011672693,current,3404836464399,1.0,—,3404836464399,3404836464399,backfill_est
2026-02-27,2026-02-27 16:45:00,FIH,富智康,2038.HK,HKD,2026-02-27,22.08,21.98,0.455,782836330,current,17285026107,3.994,Yahoo 歷史匯率（回補）,69035598178,68722935761,backfill_est
2026-02-27,2026-02-27 16:45:00,FII,工業富聯,601138.SS,CNY,2026-02-27,55.7,57.95,-3.883,19844092284,current,1105315955359,4.5676,Yahoo 歷史匯率（回補）,5048690419120,5252632129845,backfill_est
2026-02-27,2026-02-27 16:45:00,FIT,鴻騰精密,6088.HK,HKD,2026-02-27,6.28,6.7,-6.269,7110873347,current,44656286111,3.994,Yahoo 歷史匯率（回補）,178355150004,190283348899,backfill_est
2026-02-27,2026-02-27 16:45:00,FVT,鴻華先進,2258.TW,TWD,2026-02-27,39.6,39.6,0.0,1744325100,current,69075271298,1.0,—,69075271298,69075271298,backfill_est
2026-03-02,2026-03-02 16:45:00,FHH,鴻海精密,2317.TW,TWD,2026-03-02,239.0,243.0,-1.646,14011672693,current,3348789773627,1.0,—,3348789773627,3404836464399,backfill_est
2026-03-02,2026-03-02 16:45:00,FIH,富智康,2038.HK,HKD,2026-03-02,22.0,22.08,-0.362,782836330,current,17222399260,4.0108,Yahoo 歷史匯率（回補）,69074964622,69326146072,backfill_est
2026-03-02,2026-03-02 16:45:00,FII,工業富聯,601138.SS,CNY,2026-03-02,55.53,55.7,-0.305,19844092284,current,1101942420307,4.575,Yahoo 歷史匯率（回補）,5041403741360,5056837716782,backfill_est
2026-03-02,2026-03-02 16:45:00,FIT,鴻騰精密,6088.HK,HKD,2026-03-02,6.14,6.28,-2.229,7110873347,current,43660761401,4.0108,Yahoo 歷史匯率（回補）,175112973729,179105787569,backfill_est
2026-03-02,2026-03-02 16:45:00,FVT,鴻華先進,2258.TW,TWD,2026-03-02,38.8,39.6,-2.02,1744325100,current,67679812549,1.0,—,67679812549,69075271298,backfill_est
2026-03-03,2026-03-03 16:45:00,FHH,鴻海精密,2317.TW,TWD,2026-03-03,229.0,239.0,-4.184,14011672693,current,3208673046697,1.0,—,3208673046697,3348789773627,backfill_est
2026-03-03,2026-03-03 16:45:00,FIH,富智康,2038.HK,HKD,2026-03-03,20.4,22.0,-7.273,782836330,current,15969860833,4.0317,Yahoo 歷史匯率（回補）,64385096094,69434908851,backfill_est
2026-03-03,2026-03-03 16:45:00,FII,工業富聯,601138.SS,CNY,2026-03-03,54.88,55.53,-1.171,19844092284,current,1089043805742,4.5822,Yahoo 歷史匯率（回補）,4990263934929,5049368528091,backfill_est
2026-03-03,2026-03-03 16:45:00,FIT,鴻騰精密,6088.HK,HKD,2026-03-03,5.83,6.14,-5.049,7110873347,current,41456391070,4.0317,Yahoo 歷史匯率（回補）,167138195546,176025473716,backfill_est
2026-03-03,2026-03-03 16:45:00,FVT,鴻華先進,2258.TW,TWD,2026-03-03,37.85,38.8,-2.448,1744325100,current,66022702373,1.0,—,66022702373,67679812549,backfill_est
2026-03-04,2026-03-04 16:45:00,FHH,鴻海精密,2317.TW,TWD,2026-03-04,217.0,229.0,-5.24,14011672693,current,3040532974381,1.0,—,3040532974381,3208673046697,backfill_est
2026-03-04,2026-03-04 16:45:00,FIH,富智康,2038.HK,HKD,2026-03-04,20.3,20.4,-0.49,782836330,current,15891576902,4.0658,Yahoo 歷史匯率（回補）,64612431048,64930720112,backfill_est
2026-03-04,2026-03-04 16:45:00,FII,工業富聯,601138.SS,CNY,2026-03-04,53.76,54.88,-2.041,19844092284,current,1066818367880,4.5993,Yahoo 歷史匯率（回補）,4906649923921,5008872051207,backfill_est
2026-03-04,2026-03-04 16:45:00,FIT,鴻騰精密,6088.HK,HKD,2026-03-04,5.65,5.83,-3.087,7110873347,current,40176435089,4.0658,Yahoo 歷史匯率（回補）,163350506873,168554588767,backfill_est
2026-03-04,2026-03-04 16:45:00,FVT,鴻華先進,2258.TW,TWD,2026-03-04,35.1,37.85,-7.266,1744325100,current,61225808348,1.0,—,61225808348,66022702373,backfill_est
2026-03-05,2026-03-05 16:45:00,FHH,鴻海精密,2317.TW,TWD,2026-03-05,224.0,217.0,3.226,14011672693,current,3138614683232,1.0,—,3138614683232,3040532974381,backfill_est
2026-03-05,2026-03-05 16:45:00,FIH,富智康,2038.HK,HKD,2026-03-05,20.72,20.3,2.069,782836330,current,16220368220,4.0462,Yahoo 歷史匯率（回補）,65630448432,64300101219,backfill_est
2026-03-05,2026-03-05 16:45:00,FII,工業富聯,601138.SS,CNY,2026-03-05,55.1,53.76,2.493,19844092284,current,1093409454569,4.5861,Yahoo 歷史匯率（回補）,5014432500059,4892484396588,backfill_est
2026-03-05,2026-03-05 16:45:00,FIT,鴻騰精密,6088.HK,HKD,2026-03-05,5.76,5.65,1.947,7110873347,current,40958632106,4.0462,Yahoo 歷史匯率（回補）,165725793388,162560887368,backfill_est
2026-03-05,2026-03-05 16:45:00,FVT,鴻華先進,2258.TW,TWD,2026-03-05,35.75,35.1,1.852,1744325100,current,62359622325,1.0,—,62359622325,61225808348,backfill_est
2026-03-06,2026-03-06 16:45:00,FHH,鴻海精密,2317.TW,TWD,2026-03-06,223.0,224.0,-0.446,14011672693,current,3124603010539,1.0,—,3124603010539,3138614683232,backfill_est
2026-03-06,2026-03-06 16:45:00,FIH,富智康,2038.HK,HKD,2026-03-06,20.58,20.72,-0.676,782836330,current,16110771612,4.0804,Yahoo 歷史匯率（回補）,65738876304,66186077596,backfill_est
2026-03-06,2026-03-06 16:45:00,FII,工業富聯,601138.SS,CNY,2026-03-06,54.33,55.1,-1.397,19844092284,current,1078129570125,4.6261,Yahoo 歷史匯率（回補）,4987486449620,5058172032063,backfill_est
2026-03-06,2026-03-06 16:45:00,FIT,鴻騰精密,6088.HK,HKD,2026-03-06,5.63,5.76,-2.257,7110873347,current,40034217757,4.0804,Yahoo 歷史匯率（回補）,163356824398,167128832468,backfill_est
2026-03-06,2026-03-06 16:45:00,FVT,鴻華先進,2258.TW,TWD,2026-03-06,35.8,35.75,0.14,1744325100,current,62446837249,1.0,—,62446837249,62359622325,backfill_est
2026-03-09,2026-03-09 16:45:00,FHH,鴻海精密,2317.TW,TWD,2026-03-09,210.5,223.0,-5.605,14011672693,current,2949457101876,1.0,—,2949457101876,3124603010539,backfill_est
2026-03-09,2026-03-09 16:45:00,FIH,富智康,2038.HK,HKD,2026-03-09,20.88,20.58,1.458,782836330,current,16345621913,4.0668,Yahoo 歷史匯率（回補）,66474587561,65519495303,backfill_est
2026-03-09,2026-03-09 16:45:00,FII,工業富聯,601138.SS,CNY,2026-03-09,52.79,54.33,-2.835,19844092284,current,1047569649840,4.6114,Yahoo 歷史匯率（回補）,4830729096848,4971652133461,backfill_est
2026-03-09,2026-03-09 16:45:00,FIT,鴻騰精密,6088.HK,HKD,2026-03-09,5.36,5.63,-4.796,7110873347,current,38114282089,4.0668,Yahoo 歷史匯率（回補）,155003657585,162811676904,backfill_est
2026-03-09,2026-03-09 16:45:00,FVT,鴻華先進,2258.TW,TWD,2026-03-09,33.65,35.8,-6.006,1744325100,current,58696542277,1.0,—,58696542277,62446837249,backfill_est
2026-03-10,2026-03-10 16:45:00,FHH,鴻海精密,2317.TW,TWD,2026-03-10,209.5,210.5,-0.475,14011672693,current,2935445429184,1.0,—,2935445429184,2949457101876,backfill_est
2026-03-10,2026-03-10 16:45:00,FIH,富智康,2038.HK,HKD,2026-03-10,21.9,20.88,4.885,782836330,current,17144115328,4.0666,Yahoo 歷史匯率（回補）,69717741730,66470612519,backfill_est
2026-03-10,2026-03-10 16:45:00,FII,工業富聯,601138.SS,CNY,2026-03-10,54.36,52.79,2.974,19844092284,current,1078724868670,4.6016,Yahoo 歷史匯率（回補）,4963913969041,4820548565637,backfill_est
2026-03-10,2026-03-10 16:45:00,FIT,鴻騰精密,6088.HK,HKD,2026-03-10,5.74,5.36,7.09,7110873347,current,40816411384,4.0666,Yahoo 歷史匯率（回補）,165982786089,154994388689,backfill_est
2026-03-10,2026-03-10 16:45:00,FVT,鴻華先進,2258.TW,TWD,2026-03-10,33.75,33.65,0.297,1744325100,current,58870972125,1.0,—,58870972125,58696542277,backfill_est
2026-03-11,2026-03-11 16:45:00,FHH,鴻海精密,2317.TW,TWD,2026-03-11,219.0,209.5,4.535,14011672693,current,3068556319767,1.0,—,3068556319767,2935445429184,backfill_est
2026-03-11,2026-03-11 16:45:00,FIH,富智康,2038.HK,HKD,2026-03-11,21.4,21.9,-2.283,782836330,current,16752697163,4.0613,Yahoo 歷史匯率（回補）,68037190437,69626844448,backfill_est
2026-03-11,2026-03-11 16:45:00,FII,工業富聯,601138.SS,CNY,2026-03-11,53.89,54.36,-0.865,19844092284,current,1069398121073,4.6206,Yahoo 歷史匯率（回補）,4941314234375,4984409868970,backfill_est
2026-03-11,2026-03-11 16:45:00,FIT,鴻騰精密,6088.HK,HKD,2026-03-11,5.62,5.74,-2.091,7110873347,current,39963107396,4.0613,Yahoo 歷史匯率（回補）,162300883366,165766379421,backfill_est
2026-03-11,2026-03-11 16:45:00,FVT,鴻華先進,2258.TW,TWD,2026-03-11,34.5,33.75,2.222,1744325100,current,60179215950,1.0,—,60179215950,58870972125,backfill_est
2026-03-12,2026-03-12 16:45:00,FHH,鴻海精密,2317.TW,TWD,2026-03-12,214.5,219.0,-2.055,14011672693,current,3005503792648,1.0,—,3005503792648,3068556319767,backfill_est
2026-03-12,2026-03-12 16:45:00,FIH,富智康,2038.HK,HKD,2026-03-12,21.58,21.4,0.841,782836330,current,16893607942,4.0651,Yahoo 歷史匯率（回補）,68673902796,68101088917,backfill_est
2026-03-12,2026-03-12 16:45:00,FII,工業富聯,601138.SS,CNY,2026-03-12,52.54,53.89,-2.505,19844092284,current,1042608626769,4.6335,Yahoo 歷史匯率（回補）,4830958419953,4955088347282,backfill_est
2026-03-12,2026-03-12 16:45:00,FIT,鴻騰精密,6088.HK,HKD,2026-03-12,5.53,5.62,-1.601,7110873347,current,39323131101,4.0651,Yahoo 歷史匯率（回補）,159851755301,162453311467,backfill_est
2026-03-12,2026-03-12 16:45:00,FVT,鴻華先進,2258.TW,TWD,2026-03-12,33.1,34.5,-4.058,1744325100,current,57737158148,1.0,—,57737158148,60179215950,backfill_est
2026-03-13,2026-03-13 16:45:00,FHH,鴻海精密,2317.TW,TWD,2026-03-13,214.5,214.5,0.0,14011672693,current,3005503792648,1.0,—,3005503792648,3005503792648,backfill_est
2026-03-13,2026-03-13 16:45:00,FIH,富智康,2038.HK,HKD,2026-03-13,21.0,21.58,-2.688,782836330,current,16439562930,4.0751,Yahoo 歷史匯率（回補）,66993489113,68843785235,backfill_est
2026-03-13,2026-03-13 16:45:00,FII,工業富聯,601138.SS,CNY,2026-03-13,52.49,52.54,-0.095,19844092284,current,1041616437295,4.6435,Yahoo 歷史匯率（回補）,4836755527406,4841362768376,backfill_est
2026-03-13,2026-03-13 16:45:00,FIT,鴻騰精密,6088.HK,HKD,2026-03-13,5.46,5.53,-1.266,7110873347,current,38825368746,4.0751,Yahoo 歷史匯率（回補）,158218739114,160247189447,backfill_est
2026-03-13,2026-03-13 16:45:00,FVT,鴻華先進,2258.TW,TWD,2026-03-13,32.25,33.1,-2.568,1744325100,current,56254484475,1.0,—,56254484475,57737158148,backfill_est
2026-03-16,2026-03-16 16:45:00,FHH,鴻海精密,2317.TW,TWD,2026-03-16,216.5,214.5,0.932,14011672693,current,3033527138034,1.0,—,3033527138034,3005503792648,backfill_est
2026-03-16,2026-03-16 16:45:00,FIH,富智康,2038.HK,HKD,2026-03-16,20.6,21.0,-1.905,782836330,current,16126428697,4.1043,Yahoo 歷史匯率（回補）,66188409107,67473619685,backfill_est
2026-03-16,2026-03-16 16:45:00,FII,工業富聯,601138.SS,CNY,2026-03-16,52.7,52.49,0.4,19844092284,current,1045783678507,4.664,Yahoo 歷史匯率（回補）,4877488154958,4858052328919,backfill_est
2026-03-16,2026-03-16 16:45:00,FIT,鴻騰精密,6088.HK,HKD,2026-03-16,6.13,5.46,12.271,7110873347,current,43589654431,4.1043,Yahoo 歷史匯率（回補）,178906931880,159352665034,backfill_est
2026-03-16,2026-03-16 16:45:00,FVT,鴻華先進,2258.TW,TWD,2026-03-16,31.9,32.25,-1.085,1744325100,current,55643970025,1.0,—,55643970025,56254484475,backfill_est
2026-03-17,2026-03-17 16:45:00,FHH,鴻海精密,2317.TW,TWD,2026-03-17,212.0,216.5,-2.079,14011672693,current,2970474610916,1.0,—,2970474610916,3033527138034,backfill_est
2026-03-17,2026-03-17 16:45:00,FIH,富智康,2038.HK,HKD,2026-03-17,20.36,20.6,-1.165,782836330,current,15938548157,4.0796,Yahoo 歷史匯率（回補）,65023521993,65790006764,backfill_est
2026-03-17,2026-03-17 16:45:00,FII,工業富聯,601138.SS,CNY,2026-03-17,50.9,52.7,-3.416,19844092284,current,1010064327535,4.5928,Yahoo 歷史匯率（回補）,4638991309164,4803042007924,backfill_est
2026-03-17,2026-03-17 16:45:00,FIT,鴻騰精密,6088.HK,HKD,2026-03-17,6.07,6.13,-0.979,7110873347,current,43163002437,4.0796,Yahoo 歷史匯率（回補）,176089466285,177830052381,backfill_est
2026-03-17,2026-03-17 16:45:00,FVT,鴻華先進,2258.TW,TWD,2026-03-17,32.05,31.9,0.47,1744325100,current,55905618124,1.0,—,55905618124,55643970025,backfill_est
2026-03-18,2026-03-18 16:45:00,FHH,鴻海精密,2317.TW,TWD,2026-03-18,210.0,212.0,-0.943,14011672693,current,2942451265530,1.0,—,2942451265530,2970474610916,backfill_est
2026-03-18,2026-03-18 16:45:00,FIH,富智康,2038.HK,HKD,2026-03-18,21.0,20.36,3.143,782836330,current,16439562930,4.0687,Yahoo 歷史匯率（回補）,66887701882,64849221483,backfill_est
2026-03-18,2026-03-18 16:45:00,FII,工業富聯,601138.SS,CNY,2026-03-18,52.06,50.9,2.279,19844092284,current,1033083471557,4.6302,Yahoo 歷史匯率（回補）,4783391126005,4676807706298,backfill_est
2026-03-18,2026-03-18 16:45:00,FIT,鴻騰精密,6088.HK,HKD,2026-03-18,6.81,6.07,12.191,7110873347,current,48425047086,4.0687,Yahoo 歷史匯率（回補）,197027142809,175617445040,backfill_est
2026-03-18,2026-03-18 16:45:00,FVT,鴻華先進,2258.TW,TWD,2026-03-18,31.95,32.05,-0.312,1744325100,current,55731188276,1.0,—,55731188276,55905618124,backfill_est
2026-03-19,2026-03-19 16:45:00,FHH,鴻海精密,2317.TW,TWD,2026-03-19,205.0,210.0,-2.381,14011672693,current,2872392902065,1.0,—,2872392902065,2942451265530,backfill_est
2026-03-19,2026-03-19 16:45:00,FIH,富智康,2038.HK,HKD,2026-03-19,20.6,21.0,-1.905,782836330,current,16126428697,4.0866,Yahoo 歷史匯率（回補）,65901683993,67181327098,backfill_est
2026-03-19,2026-03-19 16:45:00,FII,工業富聯,601138.SS,CNY,2026-03-19,50.46,52.06,-3.073,19844092284,current,1001332878483,4.6607,Yahoo 歷史匯率（回補）,4666922815237,4814903142657,backfill_est
2026-03-19,2026-03-19 16:45:00,FIT,鴻騰精密,6088.HK,HKD,2026-03-19,6.52,6.81,-4.258,7110873347,current,46362894087,4.0866,Yahoo 歷史匯率（回補）,189464936879,197892057221,backfill_est
2026-03-19,2026-03-19 16:45:00,FVT,鴻華先進,2258.TW,TWD,2026-03-19,30.7,31.95,-3.912,1744325100,current,53550781901,1.0,—,53550781901,55731188276,backfill_est
2026-03-20,2026-03-20 16:45:00,FHH,鴻海精密,2317.TW,TWD,2026-03-20,203.0,205.0,-0.976,14011672693,current,2844369556679,1.0,—,2844369556679,2872392902065,backfill_est
2026-03-20,2026-03-20 16:45:00,FIH,富智康,2038.HK,HKD,2026-03-20,20.26,20.6,-1.65,782836330,current,15860264225,4.0597,Yahoo 歷史匯率（回補）,64387566981,65468109051,backfill_est
2026-03-20,2026-03-20 16:45:00,FII,工業富聯,601138.SS,CNY,2026-03-20,50.3,50.46,-0.317,19844092284,current,998157826745,4.6091,Yahoo 歷史匯率（回補）,4600642781251,4615277018909,backfill_est
2026-03-20,2026-03-20 16:45:00,FIT,鴻騰精密,6088.HK,HKD,2026-03-20,7.0,6.52,7.362,7110873347,current,49776113429,4.0597,Yahoo 歷史匯率（回補）,202074996481,188218424743,backfill_est
2026-03-20,2026-03-20 16:45:00,FVT,鴻華先進,2258.TW,TWD,2026-03-20,30.9,30.7,0.651,1744325100,current,53899644925,1.0,—,53899644925,53550781901,backfill_est
2026-03-23,2026-03-23 16:45:00,FHH,鴻海精密,2317.TW,TWD,2026-03-23,196.0,203.0,-3.448,14011672693,current,2746287847828,1.0,—,2746287847828,2844369556679,backfill_est
2026-03-23,2026-03-23 16:45:00,FIH,富智康,2038.HK,HKD,2026-03-23,19.52,20.26,-3.653,782836330,current,15280965520,4.0864,Yahoo 歷史匯率（回補）,62444028692,64811270796,backfill_est
2026-03-23,2026-03-23 16:45:00,FII,工業富聯,601138.SS,CNY,2026-03-23,47.6,50.3,-5.368,19844092284,current,944578762439,4.6505,Yahoo 歷史匯率（回補）,4392729639318,4641897155237,backfill_est
2026-03-23,2026-03-23 16:45:00,FIT,鴻騰精密,6088.HK,HKD,2026-03-23,6.46,7.0,-7.714,7110873347,current,45936242093,4.0864,Yahoo 歷史匯率（回補）,187713532599,203404755485,backfill_est
2026-03-23,2026-03-23 16:45:00,FVT,鴻華先進,2258.TW,TWD,2026-03-23,30.2,30.9,-2.265,1744325100,current,52678619351,1.0,—,52678619351,53899644925,backfill_est
2026-03-24,2026-03-24 16:45:00,FHH,鴻海精密,2317.TW,TWD,2026-03-24,195.0,196.0,-0.51,14011672693,current,2732276175135,1.0,—,2732276175135,2746287847828,backfill_est
2026-03-24,2026-03-24 16:45:00,FIH,富智康,2038.HK,HKD,2026-03-24,19.89,19.52,1.895,782836330,current,15570614126,4.0667,Yahoo 歷史匯率（回補）,63321045879,62143131346,backfill_est
2026-03-24,2026-03-24 16:45:00,FII,工業富聯,601138.SS,CNY,2026-03-24,48.84,47.6,2.605,19844092284,current,969185470179,4.6311,Yahoo 歷史匯率（回補）,4488399195340,4374442960318,backfill_est
2026-03-24,2026-03-24 16:45:00,FIT,鴻騰精密,6088.HK,HKD,2026-03-24,7.05,6.46,9.133,7110873347,current,50131658453,4.0667,Yahoo 歷史匯率（回補）,203870510130,186809002494,backfill_est
2026-03-24,2026-03-24 16:45:00,FVT,鴻華先進,2258.TW,TWD,2026-03-24,30.1,30.2,-0.331,1744325100,current,52504186175,1.0,—,52504186175,52678619351,backfill_est
2026-03-25,2026-03-25 16:45:00,FHH,鴻海精密,2317.TW,TWD,2026-03-25,200.0,195.0,2.564,14011672693,current,2802334538600,1.0,—,2802334538600,2732276175135,backfill_est
2026-03-25,2026-03-25 16:45:00,FIH,富智康,2038.HK,HKD,2026-03-25,20.26,19.89,1.86,782836330,current,15860264225,4.0784,Yahoo 歷史匯率（回補）,64684753328,63503439767,backfill_est
2026-03-25,2026-03-25 16:45:00,FII,工業富聯,601138.SS,CNY,2026-03-25,50.31,48.84,3.01,19844092284,current,998356310060,4.6324,Yahoo 歷史匯率（回補）,4624818559069,4489686602365,backfill_est
2026-03-25,2026-03-25 16:45:00,FIT,鴻騰精密,6088.HK,HKD,2026-03-25,8.04,7.05,14.043,7110873347,current,57171421439,4.0784,Yahoo 歷史匯率（回補）,233168832544,204457751456,backfill_est
2026-03-25,2026-03-25 16:45:00,FVT,鴻華先進,2258.TW,TWD,2026-03-25,30.5,30.1,1.329,1744325100,current,53201915550,1.0,—,53201915550,52504186175,backfill_est
2026-03-26,2026-03-26 16:45:00,FHH,鴻海精密,2317.TW,TWD,2026-03-26,200.5,200.0,0.25,14011672693,current,2809340374946,1.0,—,2809340374946,2802334538600,backfill_est
2026-03-26,2026-03-26 16:45:00,FIH,富智康,2038.HK,HKD,2026-03-26,20.14,20.26,-0.592,782836330,current,15766323208,4.085,Yahoo 歷史匯率（回補）,64405303102,64789051397,backfill_est
2026-03-26,2026-03-26 16:45:00,FII,工業富聯,601138.SS,CNY,2026-03-26,49.74,50.31,-1.133,19844092284,current,987045183514,4.6277,Yahoo 歷史匯率（回補）,4567769295692,4620114028637,backfill_est
2026-03-26,2026-03-26 16:45:00,FIT,鴻騰精密,6088.HK,HKD,2026-03-26,7.77,8.04,-3.358,7110873347,current,55251485771,4.085,Yahoo 歷史匯率（回補）,225701873599,233544795313,backfill_est
2026-03-26,2026-03-26 16:45:00,FVT,鴻華先進,2258.TW,TWD,2026-03-26,30.0,30.5,-1.639,1744325100,current,52329753000,1.0,—,52329753000,53201915550,backfill_est
2026-03-27,2026-03-27 16:45:00,FHH,鴻海精密,2317.TW,TWD,2026-03-27,199.5,200.5,-0.499,14011672693,current,2795328702254,1.0,—,2795328702254,2809340374946,backfill_est
2026-03-27,2026-03-27 16:45:00,FIH,富智康,2038.HK,HKD,2026-03-27,19.86,20.14,-1.39,782836330,current,15547129992,4.0802,Yahoo 歷史匯率（回補）,63435773501,64330130933,backfill_est
2026-03-27,2026-03-27 16:45:00,FII,工業富聯,601138.SS,CNY,2026-03-27,49.53,49.74,-0.422,19844092284,current,982877866603,4.6204,Yahoo 歷史匯率（回補）,4541260840056,4560515392162,backfill_est
2026-03-27,2026-03-27 16:45:00,FIT,鴻騰精密,6088.HK,HKD,2026-03-27,7.31,7.77,-5.92,7110873347,current,51980483760,4.0802,Yahoo 歷史匯率（回補）,212092019300,225438440330,backfill_est
2026-03-27,2026-03-27 16:45:00,FVT,鴻華先進,2258.TW,TWD,2026-03-27,29.0,30.0,-3.333,1744325100,current,50585427900,1.0,—,50585427900,52329753000,backfill_est
2026-03-30,2026-03-30 16:45:00,FHH,鴻海精密,2317.TW,TWD,2026-03-30,194.0,199.5,-2.757,14011672693,current,2718264502442,1.0,—,2718264502442,2795328702254,backfill_est
2026-03-30,2026-03-30 16:45:00,FIH,富智康,2038.HK,HKD,2026-03-30,20.0,19.86,0.705,782836330,current,15656726600,4.0823,Yahoo 歷史匯率（回補）,63915734145,63468325957,backfill_est
2026-03-30,2026-03-30 16:45:00,FII,工業富聯,601138.SS,CNY,2026-03-30,49.27,49.53,-0.525,19844092284,current,977718435917,4.6266,Yahoo 歷史匯率（回補）,4523482437258,4547352902658,backfill_est
2026-03-30,2026-03-30 16:45:00,FIT,鴻騰精密,6088.HK,HKD,2026-03-30,7.31,7.31,0.0,7110873347,current,51980483760,4.0823,Yahoo 歷史匯率（回補）,212200855619,212200855619,backfill_est
2026-03-30,2026-03-30 16:45:00,FVT,鴻華先進,2258.TW,TWD,2026-03-30,27.25,29.0,-6.034,1744325100,current,47532858975,1.0,—,47532858975,50585427900,backfill_est
2026-03-31,2026-03-31 16:45:00,FHH,鴻海精密,2317.TW,TWD,2026-03-31,187.5,194.0,-3.351,14011672693,current,2627188629938,1.0,—,2627188629938,2718264502442,backfill_est
2026-03-31,2026-03-31 16:45:00,FIH,富智康,2038.HK,HKD,2026-03-31,19.79,20.0,-1.05,782836330,current,15492331687,4.0889,Yahoo 歷史匯率（回補）,63347032271,64019231269,backfill_est
2026-03-31,2026-03-31 16:45:00,FII,工業富聯,601138.SS,CNY,2026-03-31,51.46,49.27,4.445,19844092284,current,1021176970767,4.6355,Yahoo 歷史匯率（回補）,4733707090653,4532253297178,backfill_est
2026-03-31,2026-03-31 16:45:00,FIT,鴻騰精密,6088.HK,HKD,2026-03-31,6.83,7.31,-6.566,7110873347,current,48567264417,4.0889,Yahoo 歷史匯率（回補）,198588058174,212544467072,backfill_est
2026-03-31,2026-03-31 16:45:00,FVT,鴻華先進,2258.TW,TWD,2026-03-31,26.6,27.25,-2.385,1744325100,current,46399048325,1.0,—,46399048325,47532858975,backfill_est
2026-04-01,2026-04-01 16:45:00,FHH,鴻海精密,2317.TW,TWD,2026-04-01,197.0,187.5,5.067,14011672693,current,2760299520521,1.0,—,2760299520521,2627188629938,backfill_est
2026-04-01,2026-04-01 16:45:00,FIH,富智康,2038.HK,HKD,2026-04-01,20.12,19.79,1.668,782836330,current,15750667617,4.0741,Yahoo 歷史匯率（回補）,64170013018,63117523032,backfill_est
2026-04-01,2026-04-01 16:45:00,FII,工業富聯,601138.SS,CNY,2026-04-01,53.32,51.46,3.614,19844092284,current,1058086994527,4.6326,Yahoo 歷史匯率（回補）,4901667770222,4730679302545,backfill_est
2026-04-01,2026-04-01 16:45:00,FIT,鴻騰精密,6088.HK,HKD,2026-04-01,7.46,6.83,9.224,7110873347,current,53047115440,4.0741,Yahoo 歷史匯率（回補）,216119987495,197868564417,backfill_est
2026-04-01,2026-04-01 16:45:00,FVT,鴻華先進,2258.TW,TWD,2026-04-01,27.3,26.6,2.632,1744325100,current,47620073899,1.0,—,47620073899,46399048325,backfill_est
2026-04-02,2026-04-02 16:45:00,FHH,鴻海精密,2317.TW,TWD,2026-04-02,193.0,197.0,-2.03,14011672693,current,2704252829749,1.0,—,2704252829749,2760299520521,backfill_est
2026-04-02,2026-04-02 16:45:00,FIH,富智康,2038.HK,HKD,2026-04-02,19.74,20.12,-1.889,782836330,current,15453188975,4.0828,Yahoo 歷史匯率（回補）,63092190156,64306734225,backfill_est
2026-04-02,2026-04-02 16:45:00,FII,工業富聯,601138.SS,CNY,2026-04-02,52.0,53.32,-2.476,19844092284,current,1031892798768,4.6579,Yahoo 歷史匯率（回補）,4806437928942,4928447478930,backfill_est
2026-04-02,2026-04-02 16:45:00,FIT,鴻騰精密,6088.HK,HKD,2026-04-02,6.75,7.46,-9.517,7110873347,current,47998395092,4.0828,Yahoo 歷史匯率（回補）,195967568586,216580454685,backfill_est
2026-04-02,2026-04-02 16:45:00,FVT,鴻華先進,2258.TW,TWD,2026-04-02,27.3,27.3,0.0,1744325100,current,47620073899,1.0,—,47620073899,47620073899,backfill_est
2026-04-03,2026-04-03 16:45:00,FHH,鴻海精密,2317.TW,TWD,2026-04-03,193.0,193.0,0.0,14011672693,current,2704252829749,1.0,—,2704252829749,2704252829749,backfill_est
2026-04-03,2026-04-03 16:45:00,FIH,富智康,2038.HK,HKD,2026-04-03,19.74,19.74,0.0,782836330,current,15453188975,4.075,Yahoo 歷史匯率（回補）,62971108421,62971108421,backfill_est
2026-04-03,2026-04-03 16:45:00,FII,工業富聯,601138.SS,CNY,2026-04-03,52.18,52.0,0.346,19844092284,current,1035464741435,4.6387,Yahoo 歷史匯率（回補）,4803238564558,4786669296593,backfill_est
2026-04-03,2026-04-03 16:45:00,FIT,鴻騰精密,6088.HK,HKD,2026-04-03,6.75,6.75,0.0,7110873347,current,47998395092,4.075,Yahoo 歷史匯率（回補）,195591482528,195591482528,backfill_est
2026-04-03,2026-04-03 16:45:00,FVT,鴻華先進,2258.TW,TWD,2026-04-03,27.3,27.3,0.0,1744325100,current,47620073899,1.0,—,47620073899,47620073899,backfill_est
2026-04-07,2026-04-07 16:45:00,FHH,鴻海精密,2317.TW,TWD,2026-04-07,192.0,193.0,-0.518,14011672693,current,2690241157056,1.0,—,2690241157056,2704252829749,backfill_est
2026-04-07,2026-04-07 16:45:00,FIH,富智康,2038.HK,HKD,2026-04-07,19.74,19.74,0.0,782836330,current,15453188975,4.0754,Yahoo 歷史匯率（回補）,62977261248,62977261248,backfill_est
2026-04-07,2026-04-07 16:45:00,FII,工業富聯,601138.SS,CNY,2026-04-07,52.58,52.18,0.767,19844092284,current,1043402408628,4.6371,Yahoo 歷史匯率（回補）,4838374451975,4801566595448,backfill_est
2026-04-07,2026-04-07 16:45:00,FIT,鴻騰精密,6088.HK,HKD,2026-04-07,6.75,6.75,0.0,7110873347,current,47998395092,4.0754,Yahoo 歷史匯率（回補）,195610593522,195610593522,backfill_est
2026-04-07,2026-04-07 16:45:00,FVT,鴻華先進,2258.TW,TWD,2026-04-07,26.75,27.3,-2.015,1744325100,current,46660696425,1.0,—,46660696425,47620073899,backfill_est
2026-04-08,2026-04-08 16:45:00,FHH,鴻海精密,2317.TW,TWD,2026-04-08,201.5,192.0,4.948,14011672693,current,2823352047640,1.0,—,2823352047640,2690241157056,backfill_est
2026-04-08,2026-04-08 16:45:00,FIH,富智康,2038.HK,HKD,2026-04-08,20.8,19.74,5.37,782836330,current,16282995067,4.0708,Yahoo 歷史匯率（回補）,66285434657,62907428507,backfill_est
2026-04-08,2026-04-08 16:45:00,FII,工業富聯,601138.SS,CNY,2026-04-08,56.61,52.58,7.665,19844092284,current,1123374076309,4.6515,Yahoo 歷史匯率（回補）,5225384233447,4853395329453,backfill_est
2026-04-08,2026-04-08 16:45:00,FIT,鴻騰精密,6088.HK,HKD,2026-04-08,8.08,6.75,19.704,7110873347,current,57455856101,4.0708,Yahoo 歷史匯率（回補）,233893480877,195393689459,backfill_est
2026-04-08,2026-04-08 16:45:00,FVT,鴻華先進,2258.TW,TWD,2026-04-08,27.55,26.75,2.991,1744325100,current,48056155174,1.0,—,48056155174,46660696425,backfill_est
2026-04-09,2026-04-09 16:45:00,FHH,鴻海精密,2317.TW,TWD,2026-04-09,200.0,201.5,-0.744,14011672693,current,2802334538600,1.0,—,2802334538600,2823352047640,backfill_est
2026-04-09,2026-04-09 16:45:00,FIH,富智康,2038.HK,HKD,2026-04-09,21.7,20.8,4.327,782836330,current,16987548958,4.0503,Yahoo 歷史匯率（回補）,68804379996,65950737378,backfill_est
2026-04-09,2026-04-09 16:45:00,FII,工業富聯,601138.SS,CNY,2026-04-09,55.02,56.61,-2.809,19844092284,current,1091821966550,4.6452,Yahoo 歷史匯率（回補）,5071687000215,5218251577408,backfill_est
2026-04-09,2026-04-09 16:45:00,FIT,鴻騰精密,6088.HK,HKD,2026-04-09,8.05,8.08,-0.371,7110873347,current,57242531800,4.0503,Yahoo 歷史匯率（回補）,231848450859,232712474642,backfill_est
2026-04-09,2026-04-09 16:45:00,FVT,鴻華先進,2258.TW,TWD,2026-04-09,27.0,27.55,-1.996,1744325100,current,47096777700,1.0,—,47096777700,48056155174,backfill_est
2026-04-10,2026-04-10 16:45:00,FHH,鴻海精密,2317.TW,TWD,2026-04-10,200.5,200.0,0.25,14011672693,current,2809340374946,1.0,—,2809340374946,2802334538600,backfill_est
2026-04-10,2026-04-10 16:45:00,FIH,富智康,2038.HK,HKD,2026-04-10,22.0,21.7,1.382,782836330,current,17222399260,4.0497,Yahoo 歷史匯率（回補）,69745431580,68794359931,backfill_est
2026-04-10,2026-04-10 16:45:00,FII,工業富聯,601138.SS,CNY,2026-04-10,56.52,55.02,2.726,19844092284,current,1121588104976,4.6441,Yahoo 歷史匯率（回補）,5208782948904,5070545610615,backfill_est
2026-04-10,2026-04-10 16:45:00,FIT,鴻騰精密,6088.HK,HKD,2026-04-10,7.78,8.05,-3.354,7110873347,current,55322596132,4.0497,Yahoo 歷史匯率（回補）,224039536249,231814686491,backfill_est
2026-04-10,2026-04-10 16:45:00,FVT,鴻華先進,2258.TW,TWD,2026-04-10,27.75,27.0,2.778,1744325100,current,48405021525,1.0,—,48405021525,47096777700,backfill_est
2026-04-13,2026-04-13 16:45:00,FHH,鴻海精密,2317.TW,TWD,2026-04-13,200.0,200.5,-0.249,14011672693,current,2802334538600,1.0,—,2802334538600,2809340374946,backfill_est
2026-04-13,2026-04-13 16:45:00,FIH,富智康,2038.HK,HKD,2026-04-13,21.96,22.0,-0.182,782836330,current,17191085090,4.056,Yahoo 歷史匯率（回補）,69727676322,69854687752,backfill_est
2026-04-13,2026-04-13 16:45:00,FII,工業富聯,601138.SS,CNY,2026-04-13,55.7,56.52,-1.451,19844092284,current,1105315955359,4.6526,Yahoo 歷史匯率（回補）,5142589592077,5218297345009,backfill_est
2026-04-13,2026-04-13 16:45:00,FIT,鴻騰精密,6088.HK,HKD,2026-04-13,7.81,7.78,0.386,7110873347,current,55535920433,4.056,Yahoo 歷史匯率（回補）,225255745282,224390494033,backfill_est
2026-04-13,2026-04-13 16:45:00,FVT,鴻華先進,2258.TW,TWD,2026-04-13,27.45,27.75,-1.081,1744325100,current,47881725326,1.0,—,47881725326,48405021525,backfill_est
2026-04-14,2026-04-14 16:45:00,FHH,鴻海精密,2317.TW,TWD,2026-04-14,207.5,200.0,3.75,14011672693,current,2907422083798,1.0,—,2907422083798,2802334538600,backfill_est
2026-04-14,2026-04-14 16:45:00,FIH,富智康,2038.HK,HKD,2026-04-14,22.0,21.96,0.182,782836330,current,17222399260,4.0403,Yahoo 歷史匯率（回補）,69582853074,69456335900,backfill_est
2026-04-14,2026-04-14 16:45:00,FII,工業富聯,601138.SS,CNY,2026-04-14,58.92,55.7,5.781,19844092284,current,1169213881038,4.6325,Yahoo 歷史匯率（回補）,5416355065463,5120349467996,backfill_est
2026-04-14,2026-04-14 16:45:00,FIT,鴻騰精密,6088.HK,HKD,2026-04-14,7.91,7.81,1.28,7110873347,current,56247007090,4.0403,Yahoo 歷史匯率（回補）,227252148269,224379178156,backfill_est
2026-04-14,2026-04-14 16:45:00,FVT,鴻華先進,2258.TW,TWD,2026-04-14,28.05,27.45,2.186,1744325100,current,48928317724,1.0,—,48928317724,47881725326,backfill_est
2026-04-15,2026-04-15 16:45:00,FHH,鴻海精密,2317.TW,TWD,2026-04-15,207.5,207.5,0.0,14011672693,current,2907422083798,1.0,—,2907422083798,2907422083798,backfill_est
2026-04-15,2026-04-15 16:45:00,FIH,富智康,2038.HK,HKD,2026-04-15,21.12,22.0,-4.0,782836330,current,16533503947,4.0232,Yahoo 歷史匯率（回補）,66518137640,69289723955,backfill_est
2026-04-15,2026-04-15 16:45:00,FII,工業富聯,601138.SS,CNY,2026-04-15,57.82,58.92,-1.867,19844092284,current,1147385409805,4.6242,Yahoo 歷史匯率（回補）,5305712678231,5406651382503,backfill_est
2026-04-15,2026-04-15 16:45:00,FIT,鴻騰精密,6088.HK,HKD,2026-04-15,7.5,7.91,-5.183,7110873347,current,53331550102,4.0232,Yahoo 歷史匯率（回補）,214565248946,226294811523,backfill_est
2026-04-15,2026-04-15 16:45:00,FVT,鴻華先進,2258.TW,TWD,2026-04-15,28.05,28.05,0.0,1744325100,current,48928317724,1.0,—,48928317724,48928317724,backfill_est
2026-04-16,2026-04-16 16:45:00,FHH,鴻海精密,2317.TW,TWD,2026-04-16,207.0,207.5,-0.241,14011672693,current,2900416247451,1.0,—,2900416247451,2907422083798,backfill_est
2026-04-16,2026-04-16 16:45:00,FIH,富智康,2038.HK,HKD,2026-04-16,21.88,21.12,3.598,782836330,current,17128458243,4.0322,Yahoo 歷史匯率（回補）,69065007555,66666045406,backfill_est
2026-04-16,2026-04-16 16:45:00,FII,工業富聯,601138.SS,CNY,2026-04-16,59.32,57.82,2.594,19844092284,current,1177151548231,4.6329,Yahoo 歷史匯率（回補）,5453606145790,5315703090147,backfill_est
2026-04-16,2026-04-16 16:45:00,FIT,鴻騰精密,6088.HK,HKD,2026-04-16,7.87,7.5,4.933,7110873347,current,55962572427,4.0322,Yahoo 歷史匯率（回補）,225651102543,215042349896,backfill_est
2026-04-16,2026-04-16 16:45:00,FVT,鴻華先進,2258.TW,TWD,2026-04-16,28.25,28.05,0.713,1744325100,current,49277184075,1.0,—,49277184075,48928317724,backfill_est
2026-04-17,2026-04-17 16:45:00,FHH,鴻海精密,2317.TW,TWD,2026-04-17,206.0,207.0,-0.483,14011672693,current,2886404574758,1.0,—,2886404574758,2900416247451,backfill_est
2026-04-17,2026-04-17 16:45:00,FIH,富智康,2038.HK,HKD,2026-04-17,22.08,21.88,0.914,782836330,current,17285026107,4.0325,Yahoo 歷史匯率（回補）,69701559189,69070202076,backfill_est
2026-04-17,2026-04-17 16:45:00,FII,工業富聯,601138.SS,CNY,2026-04-17,60.97,59.32,2.782,19844092284,current,1209894330779,4.6265,Yahoo 歷史匯率（回補）,5597608106970,5446122757899,backfill_est
2026-04-17,2026-04-17 16:45:00,FIT,鴻騰精密,6088.HK,HKD,2026-04-17,7.93,7.87,0.762,7110873347,current,56389224421,4.0325,Yahoo 歷史匯率（回補）,227388540773,225668074225,backfill_est
2026-04-17,2026-04-17 16:45:00,FVT,鴻華先進,2258.TW,TWD,2026-04-17,28.3,28.25,0.177,1744325100,current,49364398999,1.0,—,49364398999,49277184075,backfill_est
2026-04-20,2026-04-20 16:45:00,FHH,鴻海精密,2317.TW,TWD,2026-04-20,207.5,206.0,0.728,14011672693,current,2907422083798,1.0,—,2907422083798,2886404574758,backfill_est
2026-04-20,2026-04-20 16:45:00,FIH,富智康,2038.HK,HKD,2026-04-20,22.24,22.08,0.725,782836330,current,17410279800,4.0183,Yahoo 歷史匯率（回補）,69959919246,69456610950,backfill_est
2026-04-20,2026-04-20 16:45:00,FII,工業富聯,601138.SS,CNY,2026-04-20,61.51,60.97,0.886,19844092284,current,1220610083081,4.6161,Yahoo 歷史匯率（回補）,5634466640990,5585001582725,backfill_est
2026-04-20,2026-04-20 16:45:00,FIT,鴻騰精密,6088.HK,HKD,2026-04-20,7.73,7.93,-2.522,7110873347,current,54967051108,4.0183,Yahoo 歷史匯率（回補）,220874707408,226589442110,backfill_est
2026-04-20,2026-04-20 16:45:00,FVT,鴻華先進,2258.TW,TWD,2026-04-20,28.4,28.3,0.353,1744325100,current,49538832175,1.0,—,49538832175,49364398999,backfill_est
2026-04-21,2026-04-21 16:45:00,FHH,鴻海精密,2317.TW,TWD,2026-04-21,211.0,207.5,1.687,14011672693,current,2956462938223,1.0,—,2956462938223,2907422083798,backfill_est
2026-04-21,2026-04-21 16:45:00,FIH,富智康,2038.HK,HKD,2026-04-21,25.9,22.24,16.457,782836330,current,20275460648,4.0122,Yahoo 歷史匯率（回補）,81349896857,69854120236,backfill_est
2026-04-21,2026-04-21 16:45:00,FII,工業富聯,601138.SS,CNY,2026-04-21,61.41,61.51,-0.163,19844092284,current,1218625704132,4.6086,Yahoo 歷史匯率（回補）,5616217602091,5625362907285,backfill_est
2026-04-21,2026-04-21 16:45:00,FIT,鴻騰精密,6088.HK,HKD,2026-04-21,7.9,7.73,2.199,7110873347,current,56175900119,4.0122,Yahoo 歷史匯率（回補）,225390868291,220540682931,backfill_est
2026-04-21,2026-04-21 16:45:00,FVT,鴻華先進,2258.TW,TWD,2026-04-21,29.25,28.4,2.993,1744325100,current,51021509175,1.0,—,51021509175,49538832175,backfill_est
2026-04-22,2026-04-22 16:45:00,FHH,鴻海精密,2317.TW,TWD,2026-04-22,221.0,211.0,4.739,14011672693,current,3096579665153,1.0,—,3096579665153,2956462938223,backfill_est
2026-04-22,2026-04-22 16:45:00,FIH,富智康,2038.HK,HKD,2026-04-22,26.06,25.9,0.618,782836330,current,20400714342,4.0203,Yahoo 歷史匯率（回補）,82017301353,81513742029,backfill_est
2026-04-22,2026-04-22 16:45:00,FII,工業富聯,601138.SS,CNY,2026-04-22,66.89,61.41,8.924,19844092284,current,1327371320765,4.6156,Yahoo 歷史匯率（回補）,6126598850947,5624673911419,backfill_est
2026-04-22,2026-04-22 16:45:00,FIT,鴻騰精密,6088.HK,HKD,2026-04-22,8.1,7.9,2.532,7110873347,current,57598076823,4.0203,Yahoo 歷史匯率（回補）,231562422032,225844823455,backfill_est
2026-04-22,2026-04-22 16:45:00,FVT,鴻華先進,2258.TW,TWD,2026-04-22,29.7,29.25,1.538,1744325100,current,51806456801,1.0,—,51806456801,51021509175,backfill_est
2026-04-23,2026-04-23 16:45:00,FHH,鴻海精密,2317.TW,TWD,2026-04-23,225.0,221.0,1.81,14011672693,current,3152626355925,1.0,—,3152626355925,3096579665153,backfill_est
2026-04-23,2026-04-23 16:45:00,FIH,富智康,2038.HK,HKD,2026-04-23,26.42,26.06,1.381,782836330,current,20682535898,4.0175,Yahoo 歷史匯率（回補）,83091119898,81958914985,backfill_est
2026-04-23,2026-04-23 16:45:00,FII,工業富聯,601138.SS,CNY,2026-04-23,67.92,66.89,1.54,19844092284,current,1347810711594,4.6111,Yahoo 歷史匯率（回補）,6214836915112,6120589644666,backfill_est
2026-04-23,2026-04-23 16:45:00,FIT,鴻騰精密,6088.HK,HKD,2026-04-23,7.63,8.1,-5.802,7110873347,current,54255964451,4.0175,Yahoo 歷史匯率（回補）,217970797661,231397577683,backfill_est
2026-04-23,2026-04-23 16:45:00,FVT,鴻華先進,2258.TW,TWD,2026-04-23,29.0,29.7,-2.357,1744325100,current,50585427900,1.0,—,50585427900,51806456801,backfill_est
2026-04-24,2026-04-24 16:45:00,FHH,鴻海精密,2317.TW,TWD,2026-04-24,221.5,225.0,-1.556,14011672693,current,3103585501500,1.0,—,3103585501500,3152626355925,backfill_est
2026-04-24,2026-04-24 16:45:00,FIH,富智康,2038.HK,HKD,2026-04-24,25.68,26.42,-2.801,782836330,current,20103237193,4.0274,Yahoo 歷史匯率（回補）,80963518989,83296579145,backfill_est
2026-04-24,2026-04-24 16:45:00,FII,工業富聯,601138.SS,CNY,2026-04-24,65.01,67.92,-4.284,19844092284,current,1290064481774,4.6191,Yahoo 歷史匯率（回補）,5958941213477,6225677019055,backfill_est
2026-04-24,2026-04-24 16:45:00,FIT,鴻騰精密,6088.HK,HKD,2026-04-24,7.35,7.63,-3.67,7110873347,current,52264918422,4.0274,Yahoo 歷史匯率（回補）,210491060441,218509773618,backfill_est
2026-04-24,2026-04-24 16:45:00,FVT,鴻華先進,2258.TW,TWD,2026-04-24,29.4,29.0,1.379,1744325100,current,51283157275,1.0,—,51283157275,50585427900,backfill_est
2026-04-27,2026-04-27 16:45:00,FHH,鴻海精密,2317.TW,TWD,2026-04-27,228.0,221.5,2.935,14011672693,current,3194661374004,1.0,—,3194661374004,3103585501500,backfill_est
2026-04-27,2026-04-27 16:45:00,FIH,富智康,2038.HK,HKD,2026-04-27,26.1,25.68,1.636,782836330,current,20432028512,4.0125,Yahoo 歷史匯率（回補）,81983822274,80664542155,backfill_est
2026-04-27,2026-04-27 16:45:00,FII,工業富聯,601138.SS,CNY,2026-04-27,67.25,65.01,3.446,19844092284,current,1334515206099,4.5992,Yahoo 歷史匯率（回補）,6137766766148,5933326848758,backfill_est
2026-04-27,2026-04-27 16:45:00,FIT,鴻騰精密,6088.HK,HKD,2026-04-27,8.4,7.35,14.286,7110873347,current,59731333402,4.0125,Yahoo 歷史匯率（回補）,239672875311,209713772700,backfill_est
2026-04-27,2026-04-27 16:45:00,FVT,鴻華先進,2258.TW,TWD,2026-04-27,28.6,29.4,-2.721,1744325100,current,49887698525,1.0,—,49887698525,51283157275,backfill_est
2026-04-28,2026-04-28 16:45:00,FHH,鴻海精密,2317.TW,TWD,2026-04-28,225.5,228.0,-1.096,14011672693,current,3159632192272,1.0,—,3159632192272,3194661374004,backfill_est
2026-04-28,2026-04-28 16:45:00,FIH,富智康,2038.HK,HKD,2026-04-28,25.36,26.1,-2.835,782836330,current,19852729807,4.0137,Yahoo 歷史匯率（回補）,79682721928,82007847896,backfill_est
2026-04-28,2026-04-28 16:45:00,FII,工業富聯,601138.SS,CNY,2026-04-28,68.2,67.25,1.413,19844092284,current,1353367033209,4.6104,Yahoo 歷史匯率（回補）,6239536009295,6152621926707,backfill_est
2026-04-28,2026-04-28 16:45:00,FIT,鴻騰精密,6088.HK,HKD,2026-04-28,7.76,8.4,-7.619,7110873347,current,55180378800,4.0137,Yahoo 歷史匯率（回補）,221476986925,239743112217,backfill_est
2026-04-28,2026-04-28 16:45:00,FVT,鴻華先進,2258.TW,TWD,2026-04-28,28.45,28.6,-0.524,1744325100,current,49626050426,1.0,—,49626050426,49887698525,backfill_est
2026-04-29,2026-04-29 16:45:00,FHH,鴻海精密,2317.TW,TWD,2026-04-29,225.0,225.5,-0.222,14011672693,current,3152626355925,1.0,—,3152626355925,3159632192272,backfill_est
2026-04-29,2026-04-29 16:45:00,FIH,富智康,2038.HK,HKD,2026-04-29,25.4,25.36,0.158,782836330,current,19884042483,4.0215,Yahoo 歷史匯率（回補）,79964494451,79838569234,backfill_est
2026-04-29,2026-04-29 16:45:00,FII,工業富聯,601138.SS,CNY,2026-04-29,66.26,68.2,-2.845,19844092284,current,1314869597129,4.6089,Yahoo 歷史匯率（回補）,6060123219559,6237554659750,backfill_est
2026-04-29,2026-04-29 16:45:00,FIT,鴻騰精密,6088.HK,HKD,2026-04-29,7.94,7.76,2.32,7110873347,current,56460334782,4.0215,Yahoo 歷史匯率（回補）,227057557897,221910162286,backfill_est
2026-04-29,2026-04-29 16:45:00,FVT,鴻華先進,2258.TW,TWD,2026-04-29,28.5,28.45,0.176,1744325100,current,49713265350,1.0,—,49713265350,49626050426,backfill_est
2026-04-30,2026-04-30 16:45:00,FHH,鴻海精密,2317.TW,TWD,2026-04-30,219.5,225.0,-2.444,14011672693,current,3075562156114,1.0,—,3075562156114,3152626355925,backfill_est
2026-04-30,2026-04-30 16:45:00,FIH,富智康,2038.HK,HKD,2026-04-30,25.02,25.4,-1.496,782836330,current,19586565335,4.0355,Yahoo 歷史匯率（回補）,79042547360,80243031017,backfill_est
2026-04-30,2026-04-30 16:45:00,FII,工業富聯,601138.SS,CNY,2026-04-30,62.88,66.26,-5.101,19844092284,current,1247796544014,4.6254,Yahoo 歷史匯率（回補）,5771617670299,6081860570411,backfill_est
2026-04-30,2026-04-30 16:45:00,FIT,鴻騰精密,6088.HK,HKD,2026-04-30,7.69,7.94,-3.149,7110873347,current,54682616445,4.0355,Yahoo 歷史匯率（回補）,220674387071,227848456819,backfill_est
2026-04-30,2026-04-30 16:45:00,FVT,鴻華先進,2258.TW,TWD,2026-04-30,28.45,28.5,-0.175,1744325100,current,49626050426,1.0,—,49626050426,49713265350,backfill_est
2026-05-04,2026-05-04 16:45:00,FHH,鴻海精密,2317.TW,TWD,2026-05-04,227.5,219.5,3.645,14011672693,current,3187655537658,1.0,—,3187655537658,3075562156114,backfill_est
2026-05-04,2026-05-04 16:45:00,FIH,富智康,2038.HK,HKD,2026-05-04,24.12,25.02,-3.597,782836330,current,18882012937,4.0274,Yahoo 歷史匯率（回補）,76046211539,78883755444,backfill_est
2026-05-04,2026-05-04 16:45:00,FII,工業富聯,601138.SS,CNY,2026-05-04,62.88,62.88,0.0,19844092284,current,1247796544014,4.6216,Yahoo 歷史匯率（回補）,5766821528524,5766821528524,backfill_est
2026-05-04,2026-05-04 16:45:00,FIT,鴻騰精密,6088.HK,HKD,2026-05-04,8.18,7.69,6.372,7110873347,current,58166946149,4.0274,Yahoo 歷史匯率（回補）,234264000677,220231064964,backfill_est
2026-05-04,2026-05-04 16:45:00,FVT,鴻華先進,2258.TW,TWD,2026-05-04,28.35,28.45,-0.351,1744325100,current,49451617250,1.0,—,49451617250,49626050426,backfill_est
2026-05-05,2026-05-05 16:45:00,FHH,鴻海精密,2317.TW,TWD,2026-05-05,239.5,227.5,5.275,14011672693,current,3355795609974,1.0,—,3355795609974,3187655537658,backfill_est
2026-05-05,2026-05-05 16:45:00,FIH,富智康,2038.HK,HKD,2026-05-05,24.3,24.12,0.746,782836330,current,19022922222,4.0339,Yahoo 歷史匯率（回補）,76737196802,76168778163,backfill_est
2026-05-05,2026-05-05 16:45:00,FII,工業富聯,601138.SS,CNY,2026-05-05,62.88,62.88,0.0,19844092284,current,1247796544014,4.6264,Yahoo 歷史匯率（回補）,5772748917285,5772748917285,backfill_est
2026-05-05,2026-05-05 16:45:00,FIT,鴻騰精密,6088.HK,HKD,2026-05-05,8.03,8.18,-1.834,7110873347,current,57100311078,4.0339,Yahoo 歷史匯率（回補）,230338838456,234641573041,backfill_est
2026-05-05,2026-05-05 16:45:00,FVT,鴻華先進,2258.TW,TWD,2026-05-05,28.0,28.35,-1.235,1744325100,current,48841102800,1.0,—,48841102800,49451617250,backfill_est
2026-05-06,2026-05-06 16:45:00,FHH,鴻海精密,2317.TW,TWD,2026-05-06,252.0,239.5,5.219,14011672693,current,3530941518636,1.0,—,3530941518636,3355795609974,backfill_est
2026-05-06,2026-05-06 16:45:00,FIH,富智康,2038.HK,HKD,2026-05-06,24.68,24.3,1.564,782836330,current,19320400863,4.0257,Yahoo 歷史匯率（回補）,77777863158,76580307619,backfill_est
2026-05-06,2026-05-06 16:45:00,FII,工業富聯,601138.SS,CNY,2026-05-06,63.08,62.88,0.318,19844092284,current,1251765377610,4.6185,Yahoo 歷史匯率（回補）,5781311926352,5762981762077,backfill_est
2026-05-06,2026-05-06 16:45:00,FIT,鴻騰精密,6088.HK,HKD,2026-05-06,8.16,8.03,1.619,7110873347,current,58024725426,4.0257,Yahoo 歷史匯率（回補）,233589312456,229867910750,backfill_est
2026-05-06,2026-05-06 16:45:00,FVT,鴻華先進,2258.TW,TWD,2026-05-06,28.35,28.0,1.25,1744325100,current,49451617250,1.0,—,49451617250,48841102800,backfill_est
2026-05-07,2026-05-07 16:45:00,FHH,鴻海精密,2317.TW,TWD,2026-05-07,253.5,252.0,0.595,14011672693,current,3551959027676,1.0,—,3551959027676,3530941518636,backfill_est
2026-05-07,2026-05-07 16:45:00,FIH,富智康,2038.HK,HKD,2026-05-07,26.46,24.68,7.212,782836330,current,20713848575,4.0077,Yahoo 歷史匯率（回補）,83014228471,77429752641,backfill_est
2026-05-07,2026-05-07 16:45:00,FII,工業富聯,601138.SS,CNY,2026-05-07,64.18,63.08,1.744,19844092284,current,1273593848843,4.61,Yahoo 歷史匯率（回補）,5871228569662,5770599986970,backfill_est
2026-05-07,2026-05-07 16:45:00,FIT,鴻騰精密,6088.HK,HKD,2026-05-07,8.92,8.16,9.314,7110873347,current,63428990798,4.0077,Yahoo 歷史匯率（回補）,254202337856,232543836365,backfill_est
2026-05-07,2026-05-07 16:45:00,FVT,鴻華先進,2258.TW,TWD,2026-05-07,28.3,28.35,-0.176,1744325100,current,49364398999,1.0,—,49364398999,49451617250,backfill_est
2026-05-08,2026-05-08 16:45:00,FHH,鴻海精密,2317.TW,TWD,2026-05-08,250.0,253.5,-1.381,14011672693,current,3502918173250,1.0,—,3502918173250,3551959027676,backfill_est
2026-05-08,2026-05-08 16:45:00,FIH,富智康,2038.HK,HKD,2026-05-08,28.24,26.46,6.727,782836330,current,22107297780,4.0077,Yahoo 歷史匯率（回補）,88600280981,83015700164,backfill_est
2026-05-08,2026-05-08 16:45:00,FII,工業富聯,601138.SS,CNY,2026-05-08,63.28,64.18,-1.402,19844092284,current,1255734135508,4.6155,Yahoo 歷史匯率（回補）,5795884627758,5878316756542,backfill_est
2026-05-08,2026-05-08 16:45:00,FIT,鴻騰精密,6088.HK,HKD,2026-05-08,9.08,8.92,1.794,7110873347,current,64566729448,4.0077,Yahoo 歷史匯率（回補）,258766604043,254206844405,backfill_est
2026-05-08,2026-05-08 16:45:00,FVT,鴻華先進,2258.TW,TWD,2026-05-08,28.7,28.3,1.413,1744325100,current,50062131701,1.0,—,50062131701,49364398999,backfill_est
2026-05-11,2026-05-11 16:45:00,FHH,鴻海精密,2317.TW,TWD,2026-05-11,252.0,250.0,0.8,14011672693,current,3530941518636,1.0,—,3530941518636,3502918173250,backfill_est
2026-05-11,2026-05-11 16:45:00,FIH,富智康,2038.HK,HKD,2026-05-11,28.86,28.24,2.195,782836330,current,22592656962,3.9981,Yahoo 歷史匯率（回補）,90327045601,88386545154,backfill_est
2026-05-11,2026-05-11 16:45:00,FII,工業富聯,601138.SS,CNY,2026-05-11,65.85,63.28,4.061,19844092284,current,1306733446622,4.6027,Yahoo 歷史匯率（回補）,6014567295801,5779830219524,backfill_est
2026-05-11,2026-05-11 16:45:00,FIT,鴻騰精密,6088.HK,HKD,2026-05-11,9.86,9.08,8.59,7110873347,current,70113208760,3.9981,Yahoo 歷史匯率（回補）,280317583525,258142365684,backfill_est
2026-05-11,2026-05-11 16:45:00,FVT,鴻華先進,2258.TW,TWD,2026-05-11,28.1,28.7,-2.091,1744325100,current,49015535975,1.0,—,49015535975,50062131701,backfill_est
2026-05-12,2026-05-12 16:45:00,FHH,鴻海精密,2317.TW,TWD,2026-05-12,250.0,252.0,-0.794,14011672693,current,3502918173250,1.0,—,3502918173250,3530941518636,backfill_est
2026-05-12,2026-05-12 16:45:00,FIH,富智康,2038.HK,HKD,2026-05-12,29.2,28.86,1.178,782836330,current,22858821433,4.0048,Yahoo 歷史匯率（回補）,91544208788,90478282619,backfill_est
2026-05-12,2026-05-12 16:45:00,FII,工業富聯,601138.SS,CNY,2026-05-12,64.4,65.85,-2.202,19844092284,current,1277959573369,4.6141,Yahoo 歷史匯率（回補）,5896617307051,6029382476268,backfill_est
2026-05-12,2026-05-12 16:45:00,FIT,鴻騰精密,6088.HK,HKD,2026-05-12,9.33,9.86,-5.375,7110873347,current,66344447785,4.0048,Yahoo 歷史匯率（回補）,265693924671,280786926844,backfill_est
2026-05-12,2026-05-12 16:45:00,FVT,鴻華先進,2258.TW,TWD,2026-05-12,28.6,28.1,1.779,1744325100,current,49887698525,1.0,—,49887698525,49015535975,backfill_est
2026-05-13,2026-05-13 16:45:00,FHH,鴻海精密,2317.TW,TWD,2026-05-13,251.0,250.0,0.4,14011672693,current,3516929845943,1.0,—,3516929845943,3502918173250,backfill_est
2026-05-13,2026-05-13 16:45:00,FIH,富智康,2038.HK,HKD,2026-05-13,29.66,29.2,1.575,782836330,current,23218925428,4.0239,Yahoo 歷史匯率（回補）,93429726900,91980718503,backfill_est
2026-05-13,2026-05-13 16:45:00,FII,工業富聯,601138.SS,CNY,2026-05-13,70.84,64.4,10.0,19844092284,current,1405755424727,4.638,Yahoo 歷史匯率（回補）,6519853380894,5927139884019,backfill_est
2026-05-13,2026-05-13 16:45:00,FIT,鴻騰精密,6088.HK,HKD,2026-05-13,10.42,9.33,11.683,7110873347,current,74095300818,4.0239,Yahoo 歷史匯率（回補）,298149186163,266960831457,backfill_est
2026-05-13,2026-05-13 16:45:00,FVT,鴻華先進,2258.TW,TWD,2026-05-13,29.05,28.6,1.573,1744325100,current,50672642824,1.0,—,50672642824,49887698525,backfill_est
2026-05-14,2026-05-14 16:45:00,FHH,鴻海精密,2317.TW,TWD,2026-05-14,244.5,251.0,-2.59,14011672693,current,3425853973438,1.0,—,3425853973438,3516929845943,backfill_est
2026-05-14,2026-05-14 16:45:00,FIH,富智康,2038.HK,HKD,2026-05-14,29.88,29.66,0.742,782836330,current,23391148883,4.0309,Yahoo 歷史匯率（回補）,94287616299,93593399049,backfill_est
2026-05-14,2026-05-14 16:45:00,FII,工業富聯,601138.SS,CNY,2026-05-14,68.6,70.84,-3.162,19844092284,current,1361304700403,4.6473,Yahoo 歷史匯率（回補）,6326414334434,6532990936616,backfill_est
2026-05-14,2026-05-14 16:45:00,FIT,鴻騰精密,6088.HK,HKD,2026-05-14,9.96,10.42,-4.415,7110873347,current,70824298807,4.0309,Yahoo 歷史匯率（回補）,285486375376,298671490141,backfill_est
2026-05-14,2026-05-14 16:45:00,FVT,鴻華先進,2258.TW,TWD,2026-05-14,28.2,29.05,-2.926,1744325100,current,49189969151,1.0,—,49189969151,50672642824,backfill_est
2026-05-15,2026-05-15 16:45:00,FHH,鴻海精密,2317.TW,TWD,2026-05-15,248.5,244.5,1.636,14011672693,current,3481900664210,1.0,—,3481900664210,3425853973438,backfill_est
2026-05-15,2026-05-15 16:45:00,FIH,富智康,2038.HK,HKD,2026-05-15,29.96,29.88,0.268,782836330,current,23453775730,4.0297,Yahoo 歷史匯率（回補）,94512782605,94260412257,backfill_est
2026-05-15,2026-05-15 16:45:00,FII,工業富聯,601138.SS,CNY,2026-05-15,67.62,68.6,-1.429,19844092284,current,1341857574748,4.652,Yahoo 歷史匯率（回補）,6242344101103,6332812458104,backfill_est
2026-05-15,2026-05-15 16:45:00,FIT,鴻騰精密,6088.HK,HKD,2026-05-15,9.39,9.96,-5.723,7110873347,current,66771103170,4.0297,Yahoo 歷史匯率（回補）,269070653304,285404006303,backfill_est
2026-05-15,2026-05-15 16:45:00,FVT,鴻華先進,2258.TW,TWD,2026-05-15,27.4,28.2,-2.837,1744325100,current,47794507075,1.0,—,47794507075,49189969151,backfill_est
2026-05-18,2026-05-18 16:45:00,FHH,鴻海精密,2317.TW,TWD,2026-05-18,248.5,248.5,0.0,14011672693,current,3481900664210,1.0,—,3481900664210,3481900664210,backfill_est
2026-05-18,2026-05-18 16:45:00,FIH,富智康,2038.HK,HKD,2026-05-18,29.7,29.96,-0.868,782836330,current,23250239598,4.0338,Yahoo 歷史匯率（回補）,93787185258,94608212534,backfill_est
2026-05-18,2026-05-18 16:45:00,FII,工業富聯,601138.SS,CNY,2026-05-18,68.98,67.62,2.011,19844092284,current,1368845552366,4.6389,Yahoo 歷史匯率（回補）,6349898008968,6224704260815,backfill_est
2026-05-18,2026-05-18 16:45:00,FIT,鴻騰精密,6088.HK,HKD,2026-05-18,9.08,9.39,-3.301,7110873347,current,64566729448,4.0338,Yahoo 歷史匯率（回補）,260450297325,269342335005,backfill_est
2026-05-18,2026-05-18 16:45:00,FVT,鴻華先進,2258.TW,TWD,2026-05-18,26.15,27.4,-4.562,1744325100,current,45614100700,1.0,—,45614100700,47794507075,backfill_est
2026-05-19,2026-05-19 16:45:00,FHH,鴻海精密,2317.TW,TWD,2026-05-19,245.0,248.5,-1.408,14011672693,current,3432859809785,1.0,—,3432859809785,3481900664210,backfill_est
2026-05-19,2026-05-19 16:45:00,FIH,富智康,2038.HK,HKD,2026-05-19,28.96,29.7,-2.492,782836330,current,22670939400,4.0296,Yahoo 歷史匯率（回補）,91353977451,93688304067,backfill_est
2026-05-19,2026-05-19 16:45:00,FII,工業富聯,601138.SS,CNY,2026-05-19,68.56,68.98,-0.609,19844092284,current,1360510918544,4.6403,Yahoo 歷史匯率（回補）,6313190650072,6351865923898,backfill_est
2026-05-19,2026-05-19 16:45:00,FIT,鴻騰精密,6088.HK,HKD,2026-05-19,8.8,9.08,-3.084,7110873347,current,62575686810,4.0296,Yahoo 歷史匯率（回補）,252152669148,260175700796,backfill_est
2026-05-19,2026-05-19 16:45:00,FVT,鴻華先進,2258.TW,TWD,2026-05-19,26.9,26.15,2.868,1744325100,current,46922344525,1.0,—,46922344525,45614100700,backfill_est
2026-05-20,2026-05-20 16:45:00,FHH,鴻海精密,2317.TW,TWD,2026-05-20,240.0,245.0,-2.041,14011672693,current,3362801446320,1.0,—,3362801446320,3432859809785,backfill_est
2026-05-20,2026-05-20 16:45:00,FIH,富智康,2038.HK,HKD,2026-05-20,28.6,28.96,-1.243,782836330,current,22389119337,4.0506,Yahoo 歷史匯率（回補）,90690243376,91831794759,backfill_est
2026-05-20,2026-05-20 16:45:00,FII,工業富聯,601138.SS,CNY,2026-05-20,68.15,68.56,-0.598,19844092284,current,1352374919434,4.6561,Yahoo 歷史匯率（回補）,6296834059377,6334716332674,backfill_est
2026-05-20,2026-05-20 16:45:00,FIT,鴻騰精密,6088.HK,HKD,2026-05-20,8.58,8.8,-2.5,7110873347,current,61011292775,4.0506,Yahoo 歷史匯率（回補）,247134731260,253471526988,backfill_est
2026-05-20,2026-05-20 16:45:00,FVT,鴻華先進,2258.TW,TWD,2026-05-20,26.75,26.9,-0.558,1744325100,current,46660696425,1.0,—,46660696425,46922344525,backfill_est
2026-05-21,2026-05-21 16:45:00,FHH,鴻海精密,2317.TW,TWD,2026-05-21,247.5,240.0,3.125,14011672693,current,3467888991518,1.0,—,3467888991518,3362801446320,backfill_est
2026-05-21,2026-05-21 16:45:00,FIH,富智康,2038.HK,HKD,2026-05-21,27.52,28.6,-3.776,782836330,current,21543656160,4.034,Yahoo 歷史匯率（回補）,86906829857,90317417359,backfill_est
2026-05-21,2026-05-21 16:45:00,FII,工業富聯,601138.SS,CNY,2026-05-21,65.5,68.15,-3.888,19844092284,current,1299788044602,4.6454,Yahoo 歷史匯率（回補）,6038065497939,6282353784701,backfill_est
2026-05-21,2026-05-21 16:45:00,FIT,鴻騰精密,6088.HK,HKD,2026-05-21,8.48,8.58,-1.166,7110873347,current,60300202727,4.034,Yahoo 歷史匯率（回補）,243250236631,246118764670,backfill_est
2026-05-21,2026-05-21 16:45:00,FVT,鴻華先進,2258.TW,TWD,2026-05-21,28.0,26.75,4.673,1744325100,current,48841102800,1.0,—,48841102800,46660696425,backfill_est
2026-05-22,2026-05-22 16:45:00,FHH,鴻海精密,2317.TW,TWD,2026-05-22,250.0,247.5,1.01,14011672693,current,3502918173250,1.0,—,3502918173250,3467888991518,backfill_est
2026-05-22,2026-05-22 16:45:00,FIH,富智康,2038.HK,HKD,2026-05-22,28.3,27.52,2.834,782836330,current,22154267542,4.0274,Yahoo 歷史匯率（回補）,89223326299,86764171265,backfill_est
2026-05-22,2026-05-22 16:45:00,FII,工業富聯,601138.SS,CNY,2026-05-22,67.16,65.5,2.534,19844092284,current,1332729310465,4.6381,Yahoo 歷史匯率（回補）,6181356526943,6028571030933,backfill_est
2026-05-22,2026-05-22 16:45:00,FIT,鴻騰精密,6088.HK,HKD,2026-05-22,9.07,8.48,6.958,7110873347,current,64495619087,4.0274,Yahoo 歷史匯率（回補）,259747412359,242850938480,backfill_est
2026-05-22,2026-05-22 16:45:00,FVT,鴻華先進,2258.TW,TWD,2026-05-22,30.4,28.0,8.571,1744325100,current,53027482375,1.0,—,53027482375,48841102800,backfill_est
2026-05-25,2026-05-25 16:45:00,FHH,鴻海精密,2317.TW,TWD,2026-05-25,261.0,250.0,4.4,14011672693,current,3657046572873,1.0,—,3657046572873,3502918173250,backfill_est
2026-05-25,2026-05-25 16:45:00,FIH,富智康,2038.HK,HKD,2026-05-25,28.3,28.3,0.0,782836330,current,22154267542,4.0124,Yahoo 歷史匯率（回補）,88891892054,88891892054,backfill_est
2026-05-25,2026-05-25 16:45:00,FII,工業富聯,601138.SS,CNY,2026-05-25,70.3,67.16,4.675,19844092284,current,1395039748125,4.6271,Yahoo 歷史匯率（回補）,6455023078137,6166704903946,backfill_est
2026-05-25,2026-05-25 16:45:00,FIT,鴻騰精密,6088.HK,HKD,2026-05-25,9.07,9.07,0.0,7110873347,current,64495619087,4.0124,Yahoo 歷史匯率（回補）,258782539258,258782539258,backfill_est
2026-05-25,2026-05-25 16:45:00,FVT,鴻華先進,2258.TW,TWD,2026-05-25,29.95,30.4,-1.48,1744325100,current,52242538076,1.0,—,52242538076,53027482375,backfill_est
2026-05-26,2026-05-26 16:45:00,FHH,鴻海精密,2317.TW,TWD,2026-05-26,259.0,261.0,-0.766,14011672693,current,3629023227487,1.0,—,3629023227487,3657046572873,backfill_est
2026-05-26,2026-05-26 16:45:00,FIH,富智康,2038.HK,HKD,2026-05-26,28.8,28.3,1.767,782836330,current,22545685707,4.014,Yahoo 歷史匯率（回補）,90497553253,88926415134,backfill_est
2026-05-26,2026-05-26 16:45:00,FII,工業富聯,601138.SS,CNY,2026-05-26,69.98,70.3,-0.455,19844092284,current,1388689644650,4.6285,Yahoo 歷史匯率（回補）,6427561839829,6456953347810,backfill_est
2026-05-26,2026-05-26 16:45:00,FIT,鴻騰精密,6088.HK,HKD,2026-05-26,8.67,9.07,-4.41,7110873347,current,61651272461,4.014,Yahoo 歷史匯率（回補）,247465940279,258883043029,backfill_est
2026-05-26,2026-05-26 16:45:00,FVT,鴻華先進,2258.TW,TWD,2026-05-26,29.05,29.95,-3.005,1744325100,current,50672642824,1.0,—,50672642824,52242538076,backfill_est
2026-05-27,2026-05-27 16:45:00,FHH,鴻海精密,2317.TW,TWD,2026-05-27,264.0,259.0,1.931,14011672693,current,3699081590952,1.0,—,3699081590952,3629023227487,backfill_est
2026-05-27,2026-05-27 16:45:00,FIH,富智康,2038.HK,HKD,2026-05-27,28.16,28.8,-2.222,782836330,current,22044670933,4.013,Yahoo 歷史匯率（回補）,88465128055,90475697241,backfill_est
2026-05-27,2026-05-27 16:45:00,FII,工業富聯,601138.SS,CNY,2026-05-27,70.08,69.98,0.143,19844092284,current,1390674023598,4.6339,Yahoo 歷史匯率（回補）,6444296740074,6435101251719,backfill_est
2026-05-27,2026-05-27 16:45:00,FIT,鴻騰精密,6088.HK,HKD,2026-05-27,8.62,8.67,-0.577,7110873347,current,61295727437,4.013,Yahoo 歷史匯率（回補）,245979374943,247406174923,backfill_est
2026-05-27,2026-05-27 16:45:00,FVT,鴻華先進,2258.TW,TWD,2026-05-27,28.65,29.05,-1.377,1744325100,current,49974913450,1.0,—,49974913450,50672642824,backfill_est
2026-05-28,2026-05-28 16:45:00,FHH,鴻海精密,2317.TW,TWD,2026-05-28,263.0,264.0,-0.379,14011672693,current,3685069918259,1.0,—,3685069918259,3699081590952,backfill_est
2026-05-28,2026-05-28 16:45:00,FIH,富智康,2038.HK,HKD,2026-05-28,28.26,28.16,0.355,782836330,current,22122954865,4.0166,Yahoo 歷史匯率（回補）,88858082369,88543650591,backfill_est
2026-05-28,2026-05-28 16:45:00,FII,工業富聯,601138.SS,CNY,2026-05-28,75.0,70.08,7.021,19844092284,current,1488306921300,4.6418,Yahoo 歷史匯率（回補）,6908437674505,6455244331720,backfill_est
2026-05-28,2026-05-28 16:45:00,FIT,鴻騰精密,6088.HK,HKD,2026-05-28,9.22,8.62,6.961,7110873347,current,65562254158,4.0166,Yahoo 歷史匯率（回補）,263334451291,246197708704,backfill_est
2026-05-28,2026-05-28 16:45:00,FVT,鴻華先進,2258.TW,TWD,2026-05-28,29.2,28.65,1.92,1744325100,current,50934294251,1.0,—,50934294251,49974913450,backfill_est
2026-05-29,2026-05-29 16:45:00,FHH,鴻海精密,2317.TW,TWD,2026-05-29,289.0,263.0,9.886,14011672693,current,4049373408277,1.0,—,4049373408277,3685069918259,backfill_est
2026-05-29,2026-05-29 16:45:00,FIH,富智康,2038.HK,HKD,2026-05-29,30.14,28.26,6.653,782836330,current,23594686508,4.0114,Yahoo 歷史匯率（回補）,94646616885,88742981718,backfill_est
2026-05-29,2026-05-29 16:45:00,FII,工業富聯,601138.SS,CNY,2026-05-29,73.4,75.0,-2.133,19844092284,current,1456556403925,4.6352,Yahoo 歷史匯率（回補）,6751357485697,6898525897834,backfill_est
2026-05-29,2026-05-29 16:45:00,FIT,鴻騰精密,6088.HK,HKD,2026-05-29,8.9,9.22,-3.471,7110873347,current,63286770076,4.0114,Yahoo 歷史匯率（回補）,253865576010,262993345946,backfill_est
2026-05-29,2026-05-29 16:45:00,FVT,鴻華先進,2258.TW,TWD,2026-05-29,30.15,29.2,3.253,1744325100,current,52591401100,1.0,—,52591401100,50934294251,backfill_est
2026-06-01,2026-06-01 16:45:00,FHH,鴻海精密,2317.TW,TWD,2026-06-01,293.5,289.0,1.557,14011672693,current,4112425935396,1.0,—,4112425935396,4049373408277,backfill_est
2026-06-01,2026-06-01 16:45:00,FIH,富智康,2038.HK,HKD,2026-06-01,30.22,30.14,0.265,782836330,current,23657313355,4.0087,Yahoo 歷史匯率（回補）,94834979292,94583927297,backfill_est
2026-06-01,2026-06-01 16:45:00,FII,工業富聯,601138.SS,CNY,2026-06-01,73.75,73.4,0.477,19844092284,current,1463501805945,4.6426,Yahoo 歷史匯率（回補）,6794483873879,6762239006241,backfill_est
2026-06-01,2026-06-01 16:45:00,FIT,鴻騰精密,6088.HK,HKD,2026-06-01,9.05,8.9,1.685,7110873347,current,64353405147,4.0087,Yahoo 歷史匯率（回補）,257973242898,253697427071,backfill_est
2026-06-01,2026-06-01 16:45:00,FVT,鴻華先進,2258.TW,TWD,2026-06-01,32.95,30.15,9.287,1744325100,current,57475513376,1.0,—,57475513376,52591401100,backfill_est
2026-06-02,2026-06-02 16:45:00,FHH,鴻海精密,2317.TW,TWD,2026-06-02,301.5,293.5,2.726,14011672693,current,4224519316940,1.0,—,4224519316940,4112425935396,backfill_est
2026-06-02,2026-06-02 16:45:00,FIH,富智康,2038.HK,HKD,2026-06-02,30.88,30.22,2.184,782836330,current,24173985213,3.9975,Yahoo 歷史匯率（回補）,96636397854,94570983036,backfill_est
2026-06-02,2026-06-02 16:45:00,FII,工業富聯,601138.SS,CNY,2026-06-02,80.01,73.75,8.488,19844092284,current,1587725866034,4.6313,Yahoo 歷史匯率（回補）,7353177482680,6777863077972,backfill_est
2026-06-02,2026-06-02 16:45:00,FIT,鴻騰精密,6088.HK,HKD,2026-06-02,9.07,9.05,0.221,7110873347,current,64495619087,3.9975,Yahoo 歷史匯率（回補）,257823617039,257255111564,backfill_est
2026-06-02,2026-06-02 16:45:00,FVT,鴻華先進,2258.TW,TWD,2026-06-02,32.85,32.95,-0.303,1744325100,current,57301076873,1.0,—,57301076873,57475513376,backfill_est
2026-06-03,2026-06-03 16:45:00,FHH,鴻海精密,2317.TW,TWD,2026-06-03,309.0,301.5,2.488,14011672693,current,4329606862137,1.0,—,4329606862137,4224519316940,backfill_est
2026-06-03,2026-06-03 16:45:00,FIH,富智康,2038.HK,HKD,2026-06-03,29.1,30.88,-5.764,782836330,current,22780537502,4.0167,Yahoo 歷史匯率（回補）,91503699069,97100828640,backfill_est
2026-06-03,2026-06-03 16:45:00,FII,工業富聯,601138.SS,CNY,2026-06-03,81.05,80.01,1.3,19844092284,current,1608363740178,4.655,Yahoo 歷史匯率（回補）,7486971379414,7390901585510,backfill_est
2026-06-03,2026-06-03 16:45:00,FIT,鴻騰精密,6088.HK,HKD,2026-06-03,9.71,9.07,7.056,7110873347,current,69046580471,4.0167,Yahoo 歷史匯率（回補）,277342776512,259062707358,backfill_est
2026-06-03,2026-06-03 16:45:00,FVT,鴻華先進,2258.TW,TWD,2026-06-03,32.05,32.85,-2.435,1744325100,current,55905618124,1.0,—,55905618124,57301076873,backfill_est
2026-06-04,2026-06-04 16:45:00,FHH,鴻海精密,2317.TW,TWD,2026-06-04,293.0,309.0,-5.178,14011672693,current,4105420099049,1.0,—,4105420099049,4329606862137,backfill_est
2026-06-04,2026-06-04 16:45:00,FIH,富智康,2038.HK,HKD,2026-06-04,28.0,29.1,-3.78,782836330,current,21919417240,4.0204,Yahoo 歷史匯率（回補）,88125484584,91587558393,backfill_est
2026-06-04,2026-06-04 16:45:00,FII,工業富聯,601138.SS,CNY,2026-06-04,78.55,81.05,-3.085,19844092284,current,1558753509468,4.6542,Yahoo 歷史匯率（回補）,7254817560538,7485715627969,backfill_est
2026-06-04,2026-06-04 16:45:00,FIT,鴻騰精密,6088.HK,HKD,2026-06-04,9.13,9.71,-5.973,7110873347,current,64922274472,4.0204,Yahoo 歷史匯率（回補）,261015465671,277596949601,backfill_est
2026-06-04,2026-06-04 16:45:00,FVT,鴻華先進,2258.TW,TWD,2026-06-04,32.2,32.05,0.468,1744325100,current,56167269551,1.0,—,56167269551,55905618124,backfill_est
2026-06-05,2026-06-05 16:45:00,FHH,鴻海精密,2317.TW,TWD,2026-06-05,284.5,293.0,-2.901,14011672693,current,3986320881158,1.0,—,3986320881158,4105420099049,backfill_est
2026-06-05,2026-06-05 16:45:00,FIH,富智康,2038.HK,HKD,2026-06-05,26.12,28.0,-6.714,782836330,current,20447685597,4.0212,Yahoo 歷史匯率（回補）,82224168751,88142291388,backfill_est
2026-06-05,2026-06-05 16:45:00,FII,工業富聯,601138.SS,CNY,2026-06-05,74.06,78.55,-5.716,19844092284,current,1469653426106,4.6509,Yahoo 歷史匯率（回補）,6835239167122,7249636445264,backfill_est
2026-06-05,2026-06-05 16:45:00,FIT,鴻騰精密,6088.HK,HKD,2026-06-05,8.45,9.13,-7.448,7110873347,current,60086878426,4.0212,Yahoo 歷史匯率（回補）,241621165783,261065245094,backfill_est
2026-06-05,2026-06-05 16:45:00,FVT,鴻華先進,2258.TW,TWD,2026-06-05,31.3,32.2,-2.795,1744325100,current,54597374299,1.0,—,54597374299,56167269551,backfill_est
2026-06-08,2026-06-08 16:45:00,FHH,鴻海精密,2317.TW,TWD,2026-06-08,269.5,284.5,-5.272,14011672693,current,3776145790764,1.0,—,3776145790764,3986320881158,backfill_est
2026-06-08,2026-06-08 16:45:00,FIH,富智康,2038.HK,HKD,2026-06-08,25.28,26.12,-3.216,782836330,current,19790102960,4.0319,Yahoo 歷史匯率（回補）,79791969510,82443285362,backfill_est
2026-06-08,2026-06-08 16:45:00,FII,工業富聯,601138.SS,CNY,2026-06-08,70.48,74.06,-4.834,19844092284,current,1398611690792,4.669,Yahoo 歷史匯率（回補）,6530113976439,6861807635042,backfill_est
2026-06-08,2026-06-08 16:45:00,FIT,鴻騰精密,6088.HK,HKD,2026-06-08,8.02,8.45,-5.089,7110873347,current,57029207498,4.0319,Yahoo 歷史匯率（回補）,229936791893,242265054457,backfill_est
2026-06-08,2026-06-08 16:45:00,FVT,鴻華先進,2258.TW,TWD,2026-06-08,30.3,31.3,-3.195,1744325100,current,52853049199,1.0,—,52853049199,54597374299,backfill_est
2026-06-09,2026-06-09 16:45:00,FHH,鴻海精密,2317.TW,TWD,2026-06-09,277.5,269.5,2.968,14011672693,current,3888239172308,1.0,—,3888239172308,3776145790764,backfill_est
2026-06-09,2026-06-09 16:45:00,FIH,富智康,2038.HK,HKD,2026-06-09,25.16,25.28,-0.475,782836330,current,19696161943,4.0301,Yahoo 歷史匯率（回補）,79378307363,79756902894,backfill_est
2026-06-09,2026-06-09 16:45:00,FII,工業富聯,601138.SS,CNY,2026-06-09,74.74,70.48,6.044,19844092284,current,1483147414915,4.6681,Yahoo 歷史匯率（回補）,6923473840622,6528853003422,backfill_est
2026-06-09,2026-06-09 16:45:00,FIT,鴻騰精密,6088.HK,HKD,2026-06-09,7.8,8.02,-2.743,7110873347,current,55464813463,4.0301,Yahoo 歷史匯率（回補）,223531011959,229835740308,backfill_est
2026-06-09,2026-06-09 16:45:00,FVT,鴻華先進,2258.TW,TWD,2026-06-09,30.45,30.3,0.495,1744325100,current,53114700626,1.0,—,53114700626,52853049199,backfill_est
2026-06-10,2026-06-10 16:45:00,FHH,鴻海精密,2317.TW,TWD,2026-06-10,263.0,277.5,-5.225,14011672693,current,3685069918259,1.0,—,3685069918259,3888239172308,backfill_est
2026-06-10,2026-06-10 16:45:00,FIH,富智康,2038.HK,HKD,2026-06-10,24.0,25.16,-4.61,782836330,current,18788071920,4.0243,Yahoo 歷史匯率（回補）,75609439920,79263895702,backfill_est
2026-06-10,2026-06-10 16:45:00,FII,工業富聯,601138.SS,CNY,2026-06-10,71.13,74.74,-4.83,19844092284,current,1411510229657,4.6572,Yahoo 歷史匯率（回補）,6573687963225,6907316790384,backfill_est
2026-06-10,2026-06-10 16:45:00,FIT,鴻騰精密,6088.HK,HKD,2026-06-10,7.23,7.8,-7.308,7110873347,current,51411614434,4.0243,Yahoo 歷史匯率（回補）,206897407531,223208826272,backfill_est
2026-06-10,2026-06-10 16:45:00,FVT,鴻華先進,2258.TW,TWD,2026-06-10,30.05,30.45,-1.314,1744325100,current,52416967924,1.0,—,52416967924,53114700626,backfill_est
2026-06-11,2026-06-11 16:45:00,FHH,鴻海精密,2317.TW,TWD,2026-06-11,258.5,263.0,-1.711,14011672693,current,3622017391140,1.0,—,3622017391140,3685069918259,backfill_est
2026-06-11,2026-06-11 16:45:00,FIH,富智康,2038.HK,HKD,2026-06-11,23.86,24.0,-0.583,782836330,current,18678475312,4.0391,Yahoo 歷史匯率（回補）,75443466842,75886134027,backfill_est
2026-06-11,2026-06-11 16:45:00,FII,工業富聯,601138.SS,CNY,2026-06-11,69.52,71.13,-2.263,19844092284,current,1379561228968,4.6733,Yahoo 歷史匯率（回補）,6447078012212,6596384687067,backfill_est
2026-06-11,2026-06-11 16:45:00,FIT,鴻騰精密,6088.HK,HKD,2026-06-11,7.3,7.23,0.968,7110873347,current,51909376789,4.0391,Yahoo 歷史匯率（回補）,209665043922,207654552322,backfill_est
2026-06-11,2026-06-11 16:45:00,FVT,鴻華先進,2258.TW,TWD,2026-06-11,31.05,30.05,3.328,1744325100,current,54161293024,1.0,—,54161293024,52416967924,backfill_est
2026-06-12,2026-06-12 16:45:00,FHH,鴻海精密,2317.TW,TWD,2026-06-12,260.5,258.5,0.774,14011672693,current,3650040736526,1.0,—,3650040736526,3622017391140,backfill_est
2026-06-12,2026-06-12 16:45:00,FIH,富智康,2038.HK,HKD,2026-06-12,23.62,23.86,-1.006,782836330,current,18490594772,4.03,Yahoo 歷史匯率（回補）,74516527704,75273680496,backfill_est
2026-06-12,2026-06-12 16:45:00,FII,工業富聯,601138.SS,CNY,2026-06-12,70.13,69.52,0.877,19844092284,current,1391666137373,4.6608,Yahoo 歷史匯率（回補）,6486226370501,6429808258425,backfill_est
2026-06-12,2026-06-12 16:45:00,FIT,鴻騰精密,6088.HK,HKD,2026-06-12,7.36,7.3,0.822,7110873347,current,52336028783,4.03,Yahoo 歷史匯率（回補）,210912584853,209193190451,backfill_est
2026-06-12,2026-06-12 16:45:00,FVT,鴻華先進,2258.TW,TWD,2026-06-12,30.65,31.05,-1.288,1744325100,current,53463563650,1.0,—,53463563650,54161293024,backfill_est
2026-06-15,2026-06-15 16:45:00,FHH,鴻海精密,2317.TW,TWD,2026-06-15,267.5,260.5,2.687,14011672693,current,3748122445378,1.0,—,3748122445378,3650040736526,backfill_est
2026-06-15,2026-06-15 16:45:00,FIH,富智康,2038.HK,HKD,2026-06-15,23.58,23.62,-0.169,782836330,current,18459280602,4.0347,Yahoo 歷史匯率（回補）,74476980149,74603322278,backfill_est
2026-06-15,2026-06-15 16:45:00,FII,工業富聯,601138.SS,CNY,2026-06-15,73.4,70.13,4.663,19844092284,current,1456556403925,4.6723,Yahoo 歷史匯率（回補）,6805515853684,6502326951024,backfill_est
2026-06-15,2026-06-15 16:45:00,FIT,鴻騰精密,6088.HK,HKD,2026-06-15,8.01,7.36,8.832,7110873347,current,56958097137,4.0347,Yahoo 歷史匯率（回補）,229806738482,211158249386,backfill_est
2026-06-15,2026-06-15 16:45:00,FVT,鴻華先進,2258.TW,TWD,2026-06-15,31.95,30.65,4.241,1744325100,current,55731188276,1.0,—,55731188276,53463563650,backfill_est
2026-06-16,2026-06-16 16:45:00,FHH,鴻海精密,2317.TW,TWD,2026-06-16,269.0,267.5,0.561,14011672693,current,3769139954417,1.0,—,3769139954417,3748122445378,backfill_est
2026-06-16,2026-06-16 16:45:00,FIH,富智康,2038.HK,HKD,2026-06-16,24.02,23.58,1.866,782836330,current,18803729005,4.023,Yahoo 歷史匯率（回補）,75647890487,74262165609,backfill_est
2026-06-16,2026-06-16 16:45:00,FII,工業富聯,601138.SS,CNY,2026-06-16,72.9,73.4,-0.681,19844092284,current,1446634357783,4.6646,Yahoo 歷史匯率（回補）,6747948874679,6794231101932,backfill_est
2026-06-16,2026-06-16 16:45:00,FIT,鴻騰精密,6088.HK,HKD,2026-06-16,7.91,8.01,-1.248,7110873347,current,56247007090,4.023,Yahoo 歷史匯率（回補）,226283171355,229143905097,backfill_est
2026-06-16,2026-06-16 16:45:00,FVT,鴻華先進,2258.TW,TWD,2026-06-16,31.7,31.95,-0.782,1744325100,current,55295107001,1.0,—,55295107001,55731188276,backfill_est
2026-06-17,2026-06-17 16:45:00,FHH,鴻海精密,2317.TW,TWD,2026-06-17,272.0,269.0,1.115,14011672693,current,3811174972496,1.0,—,3811174972496,3769139954417,backfill_est
2026-06-17,2026-06-17 16:45:00,FIH,富智康,2038.HK,HKD,2026-06-17,24.48,24.02,1.915,782836330,current,19163833000,4.0297,Yahoo 歷史匯率（回補）,77225151991,75774028630,backfill_est
2026-06-17,2026-06-17 16:45:00,FII,工業富聯,601138.SS,CNY,2026-06-17,72.64,72.9,-0.357,19844092284,current,1441474851398,4.6712,Yahoo 歷史匯率（回補）,6733346599274,6757447432348,backfill_est
2026-06-17,2026-06-17 16:45:00,FIT,鴻騰精密,6088.HK,HKD,2026-06-17,7.86,7.91,-0.632,7110873347,current,55891465457,4.0297,Yahoo 歷史匯率（回補）,225227746188,226660484443,backfill_est
2026-06-17,2026-06-17 16:45:00,FVT,鴻華先進,2258.TW,TWD,2026-06-17,31.85,31.7,0.473,1744325100,current,55556755100,1.0,—,55556755100,55295107001,backfill_est
2026-06-18,2026-06-18 16:45:00,FHH,鴻海精密,2317.TW,TWD,2026-06-18,268.5,272.0,-1.287,14011672693,current,3762134118070,1.0,—,3762134118070,3811174972496,backfill_est
2026-06-18,2026-06-18 16:45:00,FIH,富智康,2038.HK,HKD,2026-06-18,24.88,24.48,1.634,782836330,current,19476967233,4.038,Yahoo 歷史匯率（回補）,78647159908,77382737279,backfill_est
2026-06-18,2026-06-18 16:45:00,FII,工業富聯,601138.SS,CNY,2026-06-18,78.08,72.64,7.489,19844092284,current,1549426761870,4.6822,Yahoo 歷史匯率（回補）,7254688926769,6749239073443,backfill_est
2026-06-18,2026-06-18 16:45:00,FIT,鴻騰精密,6088.HK,HKD,2026-06-18,7.64,7.86,-2.799,7110873347,current,54327071422,4.038,Yahoo 歷史匯率（回補）,219370388739,225687344883,backfill_est
2026-06-18,2026-06-18 16:45:00,FVT,鴻華先進,2258.TW,TWD,2026-06-18,33.0,31.85,3.611,1744325100,current,57562728300,1.0,—,57562728300,55556755100,backfill_est
2026-06-22,2026-06-22 16:45:00,FHH,鴻海精密,2317.TW,TWD,2026-06-22,268.5,268.5,0.0,14011672693,current,3762134118070,1.0,—,3762134118070,3762134118070,backfill_est
2026-06-22,2026-06-22 16:45:00,FIH,富智康,2038.HK,HKD,2026-06-22,24.3,24.88,-2.331,782836330,current,19022922222,4.0452,Yahoo 歷史匯率（回補）,76951449952,78788151043,backfill_est
2026-06-22,2026-06-22 16:45:00,FII,工業富聯,601138.SS,CNY,2026-06-22,78.88,78.08,1.025,19844092284,current,1565301944858,4.6837,Yahoo 歷史匯率（回補）,7331383421318,7257029042757,backfill_est
2026-06-22,2026-06-22 16:45:00,FIT,鴻騰精密,6088.HK,HKD,2026-06-22,8.27,7.64,8.246,7110873347,current,58806925835,4.0452,Yahoo 歷史匯率（回補）,237885544474,219763655069,backfill_est
2026-06-22,2026-06-22 16:45:00,FVT,鴻華先進,2258.TW,TWD,2026-06-22,34.2,33.0,3.636,1744325100,current,59655919751,1.0,—,59655919751,57562728300,backfill_est
2026-06-23,2026-06-23 16:45:00,FHH,鴻海精密,2317.TW,TWD,2026-06-23,259.5,268.5,-3.352,14011672693,current,3636029063834,1.0,—,3636029063834,3762134118070,backfill_est
2026-06-23,2026-06-23 16:45:00,FIH,富智康,2038.HK,HKD,2026-06-23,22.84,24.3,-6.008,782836330,current,17879981897,4.0419,Yahoo 歷史匯率（回補）,72269365953,76889033528,backfill_est
2026-06-23,2026-06-23 16:45:00,FII,工業富聯,601138.SS,CNY,2026-06-23,74.1,78.88,-6.06,19844092284,current,1470447207965,4.6774,Yahoo 歷史匯率（回補）,6877859888890,7321532797797,backfill_est
2026-06-23,2026-06-23 16:45:00,FIT,鴻騰精密,6088.HK,HKD,2026-06-23,7.53,8.27,-8.948,7110873347,current,53544877795,4.0419,Yahoo 歷史匯率（回補）,216423841513,237692592100,backfill_est
2026-06-23,2026-06-23 16:45:00,FVT,鴻華先進,2258.TW,TWD,2026-06-23,34.0,34.2,-0.585,1744325100,current,59307053400,1.0,—,59307053400,59655919751,backfill_est
2026-06-24,2026-06-24 16:45:00,FHH,鴻海精密,2317.TW,TWD,2026-06-24,256.0,259.5,-1.349,14011672693,current,3586988209408,1.0,—,3586988209408,3636029063834,backfill_est
2026-06-24,2026-06-24 16:45:00,FIH,富智康,2038.HK,HKD,2026-06-24,22.8,22.84,-0.175,782836330,current,17848667727,4.0432,Yahoo 歷史匯率（回補）,72166593240,72293204201,backfill_est
2026-06-24,2026-06-24 16:45:00,FII,工業富聯,601138.SS,CNY,2026-06-24,76.78,74.1,3.617,19844092284,current,1523629381342,4.6689,Yahoo 歷史匯率（回補）,7113733789409,6865429425908,backfill_est
2026-06-24,2026-06-24 16:45:00,FIT,鴻騰精密,6088.HK,HKD,2026-06-24,7.55,7.53,0.266,7110873347,current,53687095126,4.0432,Yahoo 歷史匯率（回補）,217070249474,216495229509,backfill_est
2026-06-24,2026-06-24 16:45:00,FVT,鴻華先進,2258.TW,TWD,2026-06-24,34.7,34.0,2.059,1744325100,current,60528082301,1.0,—,60528082301,59307053400,backfill_est
2026-06-25,2026-06-25 16:45:00,FHH,鴻海精密,2317.TW,TWD,2026-06-25,257.5,256.0,0.586,14011672693,current,3608005718448,1.0,—,3608005718448,3586988209408,backfill_est
2026-06-25,2026-06-25 16:45:00,FIH,富智康,2038.HK,HKD,2026-06-25,22.22,22.8,-2.544,782836330,current,17394622715,4.0574,Yahoo 歷史匯率（回補）,70577410632,72419665090,backfill_est
2026-06-25,2026-06-25 16:45:00,FII,工業富聯,601138.SS,CNY,2026-06-25,76.99,76.78,0.274,19844092284,current,1527796622554,4.6845,Yahoo 歷史匯率（回補）,7157018572277,7137496979999,backfill_est
2026-06-25,2026-06-25 16:45:00,FIT,鴻騰精密,6088.HK,HKD,2026-06-25,7.57,7.55,0.265,7110873347,current,53829312457,4.0574,Yahoo 歷史匯率（回補）,218408501960,217831465530,backfill_est
2026-06-25,2026-06-25 16:45:00,FVT,鴻華先進,2258.TW,TWD,2026-06-25,33.3,34.7,-4.035,1744325100,current,58086024499,1.0,—,58086024499,60528082301,backfill_est
2026-06-26,2026-06-26 16:45:00,FHH,鴻海精密,2317.TW,TWD,2026-06-26,248.5,257.5,-3.495,14011672693,current,3481900664210,1.0,—,3481900664210,3608005718448,backfill_est
2026-06-26,2026-06-26 16:45:00,FIH,富智康,2038.HK,HKD,2026-06-26,20.5,22.22,-7.741,782836330,current,16048144765,4.0637,Yahoo 歷史匯率（回補）,65215308218,70687029455,backfill_est
2026-06-26,2026-06-26 16:45:00,FII,工業富聯,601138.SS,CNY,2026-06-26,70.22,76.99,-8.793,19844092284,current,1393452184406,4.6922,Yahoo 歷史匯率（回補）,6538348703254,7168718939693,backfill_est
2026-06-26,2026-06-26 16:45:00,FIT,鴻騰精密,6088.HK,HKD,2026-06-26,6.98,7.57,-7.794,7110873347,current,49633896098,4.0637,Yahoo 歷史匯率（回補）,201698693493,218747727821,backfill_est
2026-06-26,2026-06-26 16:45:00,FVT,鴻華先進,2258.TW,TWD,2026-06-26,31.55,33.3,-5.255,1744325100,current,55033455574,1.0,—,55033455574,58086024499,backfill_est
2026-06-29,2026-06-29 16:45:00,FHH,鴻海精密,2317.TW,TWD,2026-06-29,246.5,248.5,-0.805,14011672693,current,3453877318824,1.0,—,3453877318824,3481900664210,backfill_est
2026-06-29,2026-06-29 16:45:00,FIH,富智康,2038.HK,HKD,2026-06-29,19.06,20.5,-7.024,782836330,current,14920860032,4.0612,Yahoo 歷史匯率（回補）,60596762519,65174903801,backfill_est
2026-06-29,2026-06-29 16:45:00,FII,工業富聯,601138.SS,CNY,2026-06-29,69.61,70.22,-0.869,19844092284,current,1381347276001,4.6848,Yahoo 歷史匯率（回補）,6471280932746,6527989527548,backfill_est
2026-06-29,2026-06-29 16:45:00,FIT,鴻騰精密,6088.HK,HKD,2026-06-29,6.78,6.98,-2.865,7110873347,current,48211722785,4.0612,Yahoo 歷史匯率（回補）,195797984165,201573730223,backfill_est
2026-06-29,2026-06-29 16:45:00,FVT,鴻華先進,2258.TW,TWD,2026-06-29,31.8,31.55,0.792,1744325100,current,55469536849,1.0,—,55469536849,55033455574,backfill_est
2026-06-30,2026-06-30 16:45:00,FHH,鴻海精密,2317.TW,TWD,2026-06-30,251.0,246.5,1.826,14011672693,current,3516929845943,1.0,—,3516929845943,3453877318824,backfill_est
2026-06-30,2026-06-30 16:45:00,FIH,富智康,2038.HK,HKD,2026-06-30,18.75,19.06,-1.626,782836330,current,14678181188,4.0642,Yahoo 歷史匯率（回補）,59654817905,60641109195,backfill_est
2026-06-30,2026-06-30 16:45:00,FII,工業富聯,601138.SS,CNY,2026-06-30,72.15,69.61,3.649,19844092284,current,1431751288570,4.6906,Yahoo 歷史匯率（回補）,6715738767354,6479314896851,backfill_est
2026-06-30,2026-06-30 16:45:00,FIT,鴻騰精密,6088.HK,HKD,2026-06-30,7.11,6.78,4.867,7110873347,current,50558310447,4.0642,Yahoo 歷史匯率（回補）,205478237715,195941275480,backfill_est
2026-06-30,2026-06-30 16:45:00,FVT,鴻華先進,2258.TW,TWD,2026-06-30,32.95,31.8,3.616,1744325100,current,57475513376,1.0,—,57475513376,55469536849,backfill_est
2026-07-01,2026-07-01 16:45:00,FHH,鴻海精密,2317.TW,TWD,2026-07-01,248.0,251.0,-1.195,14011672693,current,3474894827864,1.0,—,3474894827864,3516929845943,backfill_est
2026-07-01,2026-07-01 16:45:00,FIH,富智康,2038.HK,HKD,2026-07-01,18.75,18.75,0.0,782836330,current,14678181188,4.059,Yahoo 歷史匯率（回補）,59578485696,59578485696,backfill_est
2026-07-01,2026-07-01 16:45:00,FII,工業富聯,601138.SS,CNY,2026-07-01,70.0,72.15,-2.98,19844092284,current,1389086459880,4.6859,Yahoo 歷史匯率（回補）,6509175357386,6709100170966,backfill_est
2026-07-01,2026-07-01 16:45:00,FIT,鴻騰精密,6088.HK,HKD,2026-07-01,7.11,7.11,0.0,7110873347,current,50558310447,4.059,Yahoo 歷史匯率（回補）,205215314983,205215314983,backfill_est
2026-07-01,2026-07-01 16:45:00,FVT,鴻華先進,2258.TW,TWD,2026-07-01,33.15,32.95,0.607,1744325100,current,57824379727,1.0,—,57824379727,57475513376,backfill_est
2026-07-02,2026-07-02 16:45:00,FHH,鴻海精密,2317.TW,TWD,2026-07-02,239.0,248.0,-3.629,14011672693,current,3348789773627,1.0,—,3348789773627,3474894827864,backfill_est
2026-07-02,2026-07-02 16:45:00,FIH,富智康,2038.HK,HKD,2026-07-02,17.73,18.75,-5.44,782836330,current,13879687773,4.0663,Yahoo 歷史匯率（回補）,56438907031,59685816929,backfill_est
2026-07-02,2026-07-02 16:45:00,FII,工業富聯,601138.SS,CNY,2026-07-02,64.02,70.0,-8.543,19844092284,current,1270418721406,4.6944,Yahoo 歷史匯率（回補）,5963873834847,6520949552166,backfill_est
2026-07-02,2026-07-02 16:45:00,FIT,鴻騰精密,6088.HK,HKD,2026-07-02,6.56,7.11,-7.736,7110873347,current,46647328749,4.0663,Yahoo 歷史匯率（回補）,189681806512,205585012406,backfill_est
2026-07-02,2026-07-02 16:45:00,FVT,鴻華先進,2258.TW,TWD,2026-07-02,32.6,33.15,-1.659,1744325100,current,56864995598,1.0,—,56864995598,57824379727,backfill_est
2026-07-03,2026-07-03 16:45:00,FHH,鴻海精密,2317.TW,TWD,2026-07-03,240.5,239.0,0.628,14011672693,current,3369807282666,1.0,—,3369807282666,3348789773627,backfill_est
2026-07-03,2026-07-03 16:45:00,FIH,富智康,2038.HK,HKD,2026-07-03,18.54,17.73,4.569,782836330,current,14513786275,4.0712,Yahoo 歷史匯率（回補）,59087833072,56506321553,backfill_est
2026-07-03,2026-07-03 16:45:00,FII,工業富聯,601138.SS,CNY,2026-07-03,64.72,64.02,1.093,19844092284,current,1284309676844,4.7036,Yahoo 歷史匯率（回補）,6040886897264,5975549313807,backfill_est
2026-07-03,2026-07-03 16:45:00,FIT,鴻騰精密,6088.HK,HKD,2026-07-03,6.79,6.56,3.506,7110873347,current,48282829755,4.0712,Yahoo 歷史匯率（回補）,196566749073,189908375540,backfill_est
2026-07-03,2026-07-03 16:45:00,FVT,鴻華先進,2258.TW,TWD,2026-07-03,32.9,32.6,0.92,1744325100,current,57388298452,1.0,—,57388298452,56864995598,backfill_est
2026-07-06,2026-07-06 16:45:00,FHH,鴻海精密,2317.TW,TWD,2026-07-06,242.0,240.5,0.624,14011672693,current,3390824791706,1.0,—,3390824791706,3369807282666,backfill_est
2026-07-06,2026-07-06 16:45:00,FIH,富智康,2038.HK,HKD,2026-07-06,18.55,18.54,0.054,782836330,current,14521613324,4.0709,Yahoo 歷史匯率（回補）,59115425799,59083562992,backfill_est
2026-07-06,2026-07-06 16:45:00,FII,工業富聯,601138.SS,CNY,2026-07-06,63.59,64.72,-1.746,19844092284,current,1261885831368,4.7032,Yahoo 歷史匯率（回補）,5934874698563,6040338053374,backfill_est
2026-07-06,2026-07-06 16:45:00,FIT,鴻騰精密,6088.HK,HKD,2026-07-06,6.14,6.79,-9.573,7110873347,current,43660761401,4.0709,Yahoo 歷史匯率（回補）,177736759911,196552543853,backfill_est
2026-07-06,2026-07-06 16:45:00,FVT,鴻華先進,2258.TW,TWD,2026-07-06,32.25,32.9,-1.976,1744325100,current,56254484475,1.0,—,56254484475,57388298452,backfill_est
2026-07-07,2026-07-07 16:45:00,FHH,鴻海精密,2317.TW,TWD,2026-07-07,237.0,242.0,-2.066,14011672693,current,3320766428241,1.0,—,3320766428241,3390824791706,backfill_est
2026-07-07,2026-07-07 16:45:00,FIH,富智康,2038.HK,HKD,2026-07-07,18.72,18.55,0.916,782836330,current,14654695560,4.0873,Yahoo 歷史匯率（回補）,59898721564,59354769234,backfill_est
2026-07-07,2026-07-07 16:45:00,FII,工業富聯,601138.SS,CNY,2026-07-07,63.78,63.59,0.299,19844092284,current,1265656181650,4.7169,Yahoo 歷史匯率（回補）,5969934740659,5952150491302,backfill_est
2026-07-07,2026-07-07 16:45:00,FIT,鴻騰精密,6088.HK,HKD,2026-07-07,5.97,6.14,-2.769,7110873347,current,42451912390,4.0873,Yahoo 歷史匯率（回補）,173515394411,178456371182,backfill_est
2026-07-07,2026-07-07 16:45:00,FVT,鴻華先進,2258.TW,TWD,2026-07-07,32.35,32.25,0.31,1744325100,current,56428914323,1.0,—,56428914323,56254484475,backfill_est
2026-07-08,2026-07-08 16:45:00,FHH,鴻海精密,2317.TW,TWD,2026-07-08,237.5,237.0,0.211,14011672693,current,3327772264588,1.0,—,3327772264588,3320766428241,backfill_est
2026-07-08,2026-07-08 16:45:00,FIH,富智康,2038.HK,HKD,2026-07-08,18.58,18.72,-0.748,782836330,current,14545098952,4.0982,Yahoo 歷史匯率（回補）,59608285314,60057430826,backfill_est
2026-07-08,2026-07-08 16:45:00,FII,工業富聯,601138.SS,CNY,2026-07-08,66.01,63.78,3.496,19844092284,current,1309908574058,4.7305,Yahoo 歷史匯率（回補）,6196468671159,5987134547684,backfill_est
2026-07-08,2026-07-08 16:45:00,FIT,鴻騰精密,6088.HK,HKD,2026-07-08,6.17,5.97,3.35,7110873347,current,43874089094,4.0982,Yahoo 歷史匯率（回補）,179803467084,173975145461,backfill_est
2026-07-08,2026-07-08 16:45:00,FVT,鴻華先進,2258.TW,TWD,2026-07-08,32.25,32.35,-0.309,1744325100,current,56254484475,1.0,—,56254484475,56428914323,backfill_est
2026-07-09,2026-07-09 16:45:00,FHH,鴻海精密,2317.TW,TWD,2026-07-09,237.5,237.5,0.0,14011672693,current,3327772264588,1.0,—,3327772264588,3327772264588,backfill_est
2026-07-09,2026-07-09 16:45:00,FIH,富智康,2038.HK,HKD,2026-07-09,18.97,18.58,2.099,782836330,current,14850404643,4.096,Yahoo 歷史匯率（回補）,60826559264,59576041507,backfill_est
2026-07-09,2026-07-09 16:45:00,FII,工業富聯,601138.SS,CNY,2026-07-09,69.53,66.01,5.333,19844092284,current,1379759712283,4.7202,Yahoo 歷史匯率（回補）,6512749928322,6183038173867,backfill_est
2026-07-09,2026-07-09 16:45:00,FIT,鴻騰精密,6088.HK,HKD,2026-07-09,6.39,6.17,3.566,7110873347,current,45438479738,4.096,Yahoo 歷史匯率（回補）,186113876838,179706206304,backfill_est
2026-07-09,2026-07-09 16:45:00,FVT,鴻華先進,2258.TW,TWD,2026-07-09,31.8,32.25,-1.395,1744325100,current,55469536849,1.0,—,55469536849,56254484475,backfill_est
2026-07-10,2026-07-10 16:45:00,FHH,鴻海精密,2317.TW,TWD,2026-07-10,237.5,237.5,0.0,14011672693,current,3327772264588,1.0,—,3327772264588,3327772264588,backfill_est
2026-07-10,2026-07-10 16:45:00,FIH,富智康,2038.HK,HKD,2026-07-10,18.51,18.97,-2.425,782836330,current,14490300647,4.0961,Yahoo 歷史匯率（回補）,59353794364,60828818175,backfill_est
2026-07-10,2026-07-10 16:45:00,FII,工業富聯,601138.SS,CNY,2026-07-10,66.27,69.53,-4.689,19844092284,current,1315067929045,4.7257,Yahoo 歷史匯率（回補）,6214572317183,6520284103150,backfill_est
2026-07-10,2026-07-10 16:45:00,FIT,鴻騰精密,6088.HK,HKD,2026-07-10,6.07,6.39,-5.008,7110873347,current,43163002437,4.0961,Yahoo 歷史匯率（回補）,176800194358,186120788533,backfill_est
2026-07-10,2026-07-10 16:45:00,FVT,鴻華先進,2258.TW,TWD,2026-07-10,31.8,31.8,0.0,1744325100,current,55469536849,1.0,—,55469536849,55469536849,backfill_est
2026-07-13,2026-07-13 16:45:00,FHH,鴻海精密,2317.TW,TWD,2026-07-13,236.5,237.5,-0.421,14011672693,current,3313760591894,1.0,—,3313760591894,3327772264588,backfill_est
2026-07-13,2026-07-13 16:45:00,FIH,富智康,2038.HK,HKD,2026-07-13,18.19,18.51,-1.729,782836330,current,14239793261,4.0945,Yahoo 歷史匯率（回補）,58304875170,59330578398,backfill_est
2026-07-13,2026-07-13 16:45:00,FII,工業富聯,601138.SS,CNY,2026-07-13,63.08,66.27,-4.814,19844092284,current,1251765377610,4.7368,Yahoo 歷史匯率（回補）,5929306801913,6229155523979,backfill_est
2026-07-13,2026-07-13 16:45:00,FIT,鴻騰精密,6088.HK,HKD,2026-07-13,5.99,6.07,-1.318,7110873347,current,42594129721,4.0945,Yahoo 歷史匯率（回補）,174401788768,176731039768,backfill_est
2026-07-13,2026-07-13 16:45:00,FVT,鴻華先進,2258.TW,TWD,2026-07-13,31.5,31.8,-0.943,1744325100,current,54946240650,1.0,—,54946240650,55469536849,backfill_est
2026-07-14,2026-07-14 16:45:00,FHH,鴻海精密,2317.TW,TWD,2026-07-14,235.5,236.5,-0.423,14011672693,current,3299748919202,1.0,—,3299748919202,3313760591894,backfill_est
2026-07-14,2026-07-14 16:45:00,FIH,富智康,2038.HK,HKD,2026-07-14,18.38,18.19,1.045,782836330,current,14388531088,4.1036,Yahoo 歷史匯率（回補）,59044275685,58433920309,backfill_est
2026-07-14,2026-07-14 16:45:00,FII,工業富聯,601138.SS,CNY,2026-07-14,65.6,63.08,3.995,19844092284,current,1301772423551,4.744,Yahoo 歷史匯率（回補）,6175618114952,5938384314944,backfill_est
2026-07-14,2026-07-14 16:45:00,FIT,鴻騰精密,6088.HK,HKD,2026-07-14,6.08,5.99,1.503,7110873347,current,43234109407,4.1036,Yahoo 歷史匯率（回補）,177413987511,174787789132,backfill_est
2026-07-14,2026-07-14 16:45:00,FVT,鴻華先進,2258.TW,TWD,2026-07-14,32.1,31.5,1.905,1744325100,current,55992833048,1.0,—,55992833048,54946240650,backfill_est
2026-07-15,2026-07-15 16:45:00,FHH,鴻海精密,2317.TW,TWD,2026-07-15,239.0,235.5,1.486,14011672693,current,3348789773627,1.0,—,3348789773627,3299748919202,backfill_est
2026-07-15,2026-07-15 16:45:00,FIH,富智康,2038.HK,HKD,2026-07-15,17.98,18.38,-2.176,782836330,current,14075396855,4.0999,Yahoo 歷史匯率（回補）,57708293516,58992125328,backfill_est
2026-07-15,2026-07-15 16:45:00,FII,工業富聯,601138.SS,CNY,2026-07-15,63.62,65.6,-3.018,19844092284,current,1262481129912,4.7465,Yahoo 歷史匯率（回補）,5992384357725,6178881033054,backfill_est
2026-07-15,2026-07-15 16:45:00,FIT,鴻騰精密,6088.HK,HKD,2026-07-15,6.01,6.08,-1.151,7110873347,current,42736350443,4.0999,Yahoo 歷史匯率（回補）,175216505834,177257288108,backfill_est
2026-07-15,2026-07-15 16:45:00,FVT,鴻華先進,2258.TW,TWD,2026-07-15,32.6,32.1,1.558,1744325100,current,56864995598,1.0,—,56864995598,55992833048,backfill_est
2026-07-16,2026-07-16 16:45:00,FHH,鴻海精密,2317.TW,TWD,2026-07-16,242.5,239.0,1.464,14011672693,current,3397830628052,1.0,—,3397830628052,3348789773627,backfill_est
2026-07-16,2026-07-16 16:45:00,FIH,富智康,2038.HK,HKD,2026-07-16,17.91,17.98,-0.389,782836330,current,14020598551,4.1092,Yahoo 歷史匯率（回補）,57614018532,57839197971,backfill_est
2026-07-16,2026-07-16 16:45:00,FII,工業富聯,601138.SS,CNY,2026-07-16,63.02,63.62,-0.943,19844092284,current,1250574704822,4.7592,Yahoo 歷史匯率（回補）,5951676431354,6008340930740,backfill_est
2026-07-16,2026-07-16 16:45:00,FIT,鴻騰精密,6088.HK,HKD,2026-07-16,5.8,6.01,-3.494,7110873347,current,41243066769,4.1092,Yahoo 歷史匯率（回補）,169477701294,175613963805,backfill_est
2026-07-16,2026-07-16 16:45:00,FVT,鴻華先進,2258.TW,TWD,2026-07-16,32.5,32.6,-0.307,1744325100,current,56690565750,1.0,—,56690565750,56864995598,backfill_est
2026-07-17,2026-07-17 16:45:00,FHH,鴻海精密,2317.TW,TWD,2026-07-17,234.0,242.5,-3.505,14011672693,current,3278731410162,1.0,—,3278731410162,3397830628052,backfill_est
2026-07-17,2026-07-17 16:45:00,FIH,富智康,2038.HK,HKD,2026-07-17,17.2,17.91,-3.964,782836330,current,13464785473,4.1151,Yahoo 歷史匯率（回補）,55409046596,57696277446,backfill_est
2026-07-17,2026-07-17 16:45:00,FII,工業富聯,601138.SS,CNY,2026-07-17,57.59,63.02,-8.616,19844092284,current,1142821277664,4.764,Yahoo 歷史匯率（回補）,5444419317380,5957758412302,backfill_est
2026-07-17,2026-07-17 16:45:00,FIT,鴻騰精密,6088.HK,HKD,2026-07-17,5.32,5.8,-8.276,7110873347,current,37829847427,4.1151,Yahoo 歷史匯率（回補）,155673908282,169719674548,backfill_est
2026-07-17,2026-07-17 16:45:00,FVT,鴻華先進,2258.TW,TWD,2026-07-17,32.1,32.5,-1.231,1744325100,current,55992833048,1.0,—,55992833048,56690565750,backfill_est
2026-07-20,2026-07-20 16:45:00,FHH,鴻海精密,2317.TW,TWD,2026-07-20,234.5,234.0,0.214,14011672693,current,3285737246508,1.0,—,3285737246508,3278731410162,backfill_est
2026-07-20,2026-07-20 16:45:00,FIH,富智康,2038.HK,HKD,2026-07-20,17.92,17.2,4.186,782836330,current,14028427093,4.1214,Yahoo 歷史匯率（回補）,57817112263,55494105513,backfill_est
2026-07-20,2026-07-20 16:45:00,FII,工業富聯,601138.SS,CNY,2026-07-20,56.5,57.59,-1.893,19844092284,current,1121191214046,4.7712,Yahoo 歷史匯率（回補）,5349435391282,5452636902659,backfill_est
2026-07-20,2026-07-20 16:45:00,FIT,鴻騰精密,6088.HK,HKD,2026-07-20,5.39,5.32,1.316,7110873347,current,38327606391,4.1214,Yahoo 歷史匯率（回補）,157964360989,155912884674,backfill_est
2026-07-20,2026-07-20 16:45:00,FVT,鴻華先進,2258.TW,TWD,2026-07-20,32.45,32.1,1.09,1744325100,current,56603350826,1.0,—,56603350826,55992833048,backfill_est
2026-07-21,2026-07-21 16:45:00,FHH,鴻海精密,2317.TW,TWD,2026-07-21,246.0,234.5,4.904,14011672693,current,3446871482478,1.0,—,3446871482478,3285737246508,backfill_est
2026-07-21,2026-07-21 16:45:00,FIH,富智康,2038.HK,HKD,2026-07-21,18.45,17.92,2.958,782836330,current,14443330886,4.1163,Yahoo 歷史匯率（回補）,59452864069,57745001875,backfill_est
2026-07-21,2026-07-21 16:45:00,FII,工業富聯,601138.SS,CNY,2026-07-21,60.98,56.5,7.929,19844092284,current,1210092738394,4.7657,Yahoo 歷史匯率（回補）,5766974406288,5343293807826,backfill_est
2026-07-21,2026-07-21 16:45:00,FIT,鴻騰精密,6088.HK,HKD,2026-07-21,5.56,5.39,3.154,7110873347,current,39536455402,4.1163,Yahoo 歷史匯率（回補）,162743312287,157767345419,backfill_est
2026-07-21,2026-07-21 16:45:00,FVT,鴻華先進,2258.TW,TWD,2026-07-21,32.45,32.45,0.0,1744325100,current,56603350826,1.0,—,56603350826,56603350826,backfill_est
2026-07-22,2026-07-22 16:45:00,FHH,鴻海精密,2317.TW,TWD,2026-07-22,251.5,246.0,2.236,14011672693,current,3523935682290,1.0,—,3523935682290,3446871482478,backfill_est
2026-07-22,2026-07-22 16:45:00,FIH,富智康,2038.HK,HKD,2026-07-22,19.38,18.45,5.041,782836330,current,15171367418,4.1223,Yahoo 歷史匯率（回補）,62540763766,59539586644,backfill_est
2026-07-22,2026-07-22 16:45:00,FII,工業富聯,601138.SS,CNY,2026-07-22,60.71,60.98,-0.443,19844092284,current,1204734824394,4.7779,Yahoo 歷史匯率（回補）,5756109656067,5781709265119,backfill_est
2026-07-22,2026-07-22 16:45:00,FIT,鴻騰精密,6088.HK,HKD,2026-07-22,5.47,5.56,-1.619,7110873347,current,38896475716,4.1223,Yahoo 歷史匯率（回補）,160342521014,162980702351,backfill_est
2026-07-22,2026-07-22 16:45:00,FVT,鴻華先進,2258.TW,TWD,2026-07-22,31.8,32.45,-2.003,1744325100,current,55469536849,1.0,—,55469536849,56603350826,backfill_est
2026-07-23,2026-07-23 16:45:00,FHH,鴻海精密,2317.TW,TWD,2026-07-23,257.5,251.5,2.386,14011672693,current,3608005718448,1.0,—,3608005718448,3523935682290,backfill_est
2026-07-23,2026-07-23 16:45:00,FIH,富智康,2038.HK,HKD,2026-07-23,19.1,19.38,-1.445,782836330,current,14952174202,4.1299,Yahoo 歷史匯率（回補）,61750327979,62655564424,backfill_est
2026-07-23,2026-07-23 16:45:00,FII,工業富聯,601138.SS,CNY,2026-07-23,62.88,60.71,3.574,19844092284,current,1247796544014,4.781,Yahoo 歷史匯率（回補）,5965674396219,5759797725518,backfill_est
2026-07-23,2026-07-23 16:45:00,FIT,鴻騰精密,6088.HK,HKD,2026-07-23,5.48,5.47,0.183,7110873347,current,38967586077,4.1299,Yahoo 歷史匯率（回補）,160930523438,160636847879,backfill_est
2026-07-23,2026-07-23 16:45:00,FVT,鴻華先進,2258.TW,TWD,2026-07-23,31.7,31.8,-0.314,1744325100,current,55295107001,1.0,—,55295107001,55469536849,backfill_est
2026-07-24,2026-07-24 16:45:00,FHH,鴻海精密,2317.TW,TWD,2026-07-24,252.5,257.5,-1.942,14011672693,current,3537947354982,1.0,—,3537947354982,3608005718448,backfill_est
2026-07-24,2026-07-24 16:45:00,FIH,富智康,2038.HK,HKD,2026-07-24,18.38,19.1,-3.77,782836330,current,14388531088,4.1192,Yahoo 歷史匯率（回補）,59269240564,61590999405,backfill_est
2026-07-24,2026-07-24 16:45:00,FII,工業富聯,601138.SS,CNY,2026-07-24,60.25,62.88,-4.183,19844092284,current,1195606560111,4.7691,Yahoo 歷史匯率（回補）,5702014885508,5950916217280,backfill_est
2026-07-24,2026-07-24 16:45:00,FIT,鴻騰精密,6088.HK,HKD,2026-07-24,5.33,5.48,-2.737,7110873347,current,37900954397,4.1192,Yahoo 歷史匯率（回補）,156121620056,160515289518,backfill_est
2026-07-24,2026-07-24 16:45:00,FVT,鴻華先進,2258.TW,TWD,2026-07-24,32.05,31.7,1.104,1744325100,current,55905618124,1.0,—,55905618124,55295107001,backfill_est
2026-07-27,2026-07-27 16:45:00,FHH,鴻海精密,2317.TW,TWD,2026-07-27,253.0,252.5,0.198,14011672693,current,3544953191329,1.0,—,3544953191329,3537947354982,backfill_est
2026-07-27,2026-07-27 16:45:00,FIH,富智康,2038.HK,HKD,2026-07-27,18.21,18.38,-0.925,782836330,current,14255448853,4.1217,Yahoo 歷史匯率（回補）,58756809981,59305336212,backfill_est
2026-07-27,2026-07-27 16:45:00,FII,工業富聯,601138.SS,CNY,2026-07-27,61.55,60.25,2.158,19844092284,current,1221403864940,4.7731,Yahoo 歷史匯率（回補）,5829850534776,5706718100311,backfill_est
2026-07-27,2026-07-27 16:45:00,FIT,鴻騰精密,6088.HK,HKD,2026-07-27,5.5,5.33,3.189,7110873347,current,39109803408,4.1217,Yahoo 歷史匯率（回補）,161199223610,156216699917,backfill_est
2026-07-27,2026-07-27 16:45:00,FVT,鴻華先進,2258.TW,TWD,2026-07-27,32.0,32.05,-0.156,1744325100,current,55818403200,1.0,—,55818403200,55905618124,backfill_est
2026-07-28,2026-07-28 16:45:00,FHH,鴻海精密,2317.TW,TWD,2026-07-28,238.0,253.0,-5.929,14011672693,current,3334778100934,1.0,—,3334778100934,3544953191329,backfill_est
2026-07-28,2026-07-28 16:45:00,FIH,富智康,2038.HK,HKD,2026-07-28,17.88,18.21,-1.812,782836330,current,13997112923,4.1192,Yahoo 歷史匯率（回補）,57657004209,58721143353,backfill_est
2026-07-28,2026-07-28 16:45:00,FII,工業富聯,601138.SS,CNY,2026-07-28,58.08,61.55,-5.638,19844092284,current,1152544916190,4.7744,Yahoo 歷史匯率（回補）,5502683312697,5831441856415,backfill_est
2026-07-28,2026-07-28 16:45:00,FIT,鴻騰精密,6088.HK,HKD,2026-07-28,4.86,5.5,-11.636,7110873347,current,34558845416,4.1192,Yahoo 歷史匯率（回補）,142355034678,161101372268,backfill_est
2026-07-28,2026-07-28 16:45:00,FVT,鴻華先進,2258.TW,TWD,2026-07-28,31.45,32.0,-1.719,1744325100,current,54859025726,1.0,—,54859025726,55818403200,backfill_est
2026-07-29,2026-07-29 16:45:00,FHH,鴻海精密,2317.TW,TWD,2026-07-29,237.0,238.0,-0.42,14011672693,current,3320766428241,1.0,—,3320766428241,3334778100934,backfill_est
2026-07-29,2026-07-29 16:45:00,FIH,富智康,2038.HK,HKD,2026-07-29,18.78,17.88,5.034,782836330,current,14701666815,4.1276,Yahoo 歷史匯率（回補）,60682420515,57774312472,backfill_est
2026-07-29,2026-07-29 16:45:00,FII,工業富聯,601138.SS,CNY,2026-07-29,57.75,58.08,-0.568,19844092284,current,1145996329401,4.7798,Yahoo 歷史匯率（回補）,5477595120797,5508895838020,backfill_est
2026-07-29,2026-07-29 16:45:00,FIT,鴻騰精密,6088.HK,HKD,2026-07-29,4.85,4.86,-0.206,7110873347,current,34487735055,4.1276,Yahoo 歷史匯率（回補）,142351154298,142644668557,backfill_est
2026-07-29,2026-07-29 16:45:00,FVT,鴻華先進,2258.TW,TWD,2026-07-29,32.25,31.45,2.544,1744325100,current,56254484475,1.0,—,56254484475,54859025726,backfill_est
2026-07-30,2026-07-30 16:45:00,FHH,鴻海精密,2317.TW,TWD,2026-07-30,229.5,237.0,-3.165,14011672693,current,3215678883044,1.0,—,3215678883044,3320766428241,backfill_est
2026-07-30,2026-07-30 16:45:00,FIH,富智康,2038.HK,HKD,2026-07-30,16.44,18.78,-12.46,782836330,current,12869829683,4.1249,Yahoo 歷史匯率（回補）,53087311026,60643534375,backfill_est
2026-07-30,2026-07-30 16:45:00,FII,工業富聯,601138.SS,CNY,2026-07-30,53.8,57.75,-6.84,19844092284,current,1067612149739,4.781,Yahoo 歷史匯率（回補）,5104281470796,5479038273581,backfill_est
2026-07-30,2026-07-30 16:45:00,FIT,鴻騰精密,6088.HK,HKD,2026-07-30,4.5,4.85,-7.216,7110873347,current,31998930062,4.1249,Yahoo 歷史匯率（回補）,131993755510,142259933697,backfill_est
2026-07-30,2026-07-30 16:45:00,FVT,鴻華先進,2258.TW,TWD,2026-07-30,31.35,32.25,-2.791,1744325100,current,54684592550,1.0,—,54684592550,56254484475,backfill_est
2026-07-31,2026-07-31 16:45:00,FHH,鴻海精密,2317.TW,TWD,2026-07-31,250.5,229.5,9.15,14011672693,current,3509924009596,1.0,—,3509924009596,3215678883044,backfill_est
2026-07-31,2026-07-31 16:45:00,FIH,富智康,2038.HK,HKD,2026-07-31,19.3,16.44,17.397,782836330,current,15108740572,4.1303,Yahoo 歷史匯率（回補）,62403675090,53156294941,backfill_est
2026-07-31,2026-07-31 16:45:00,FII,工業富聯,601138.SS,CNY,2026-07-31,56.7,53.8,5.39,19844092284,current,1125160047643,4.7957,Yahoo 歷史匯率（回補）,5395937770677,5119954921331,backfill_est
2026-07-31,2026-07-31 16:45:00,FIT,鴻騰精密,6088.HK,HKD,2026-07-31,4.7,4.5,4.444,7110873347,current,33421103375,4.1303,Yahoo 歷史匯率（回補）,138039280391,132165273823,backfill_est
2026-07-31,2026-07-31 16:45:00,FVT,鴻華先進,2258.TW,TWD,2026-07-31,32.0,31.35,2.073,1744325100,current,55818403200,1.0,—,55818403200,54684592550,backfill_est
2026-08-03,2026-08-03 16:45:00,FHH,鴻海精密,2317.TW,TWD,2026-08-03,253.0,250.5,0.998,14011672693,current,3544953191329,1.0,—,3544953191329,3509924009596,backfill_est
2026-08-03,2026-08-03 16:45:00,FIH,富智康,2038.HK,HKD,2026-08-03,17.14,19.3,-11.192,782836330,current,13417814218,4.1179,Yahoo 歷史匯率（回補）,55253068601,62216115508,backfill_est
2026-08-03,2026-08-03 16:45:00,FII,工業富聯,601138.SS,CNY,2026-08-03,55.9,56.7,-1.411,19844092284,current,1109284788955,4.7835,Yahoo 歷史匯率（回補）,5306291606112,5382231304156,backfill_est
2026-08-03,2026-08-03 16:45:00,FIT,鴻騰精密,6088.HK,HKD,2026-08-03,4.9,4.7,4.255,7110873347,current,34843280078,4.1179,Yahoo 歷史匯率（回補）,143480757231,137624391530,backfill_est
2026-08-03,2026-08-03 16:45:00,FVT,鴻華先進,2258.TW,TWD,2026-08-03,31.4,32.0,-1.875,1744325100,current,54771807475,1.0,—,54771807475,55818403200,backfill_est
2026-08-04,2026-08-04 16:45:00,FHH,鴻海精密,2317.TW,TWD,2026-08-04,250.0,253.0,-1.186,14011672693,current,3502918173250,1.0,—,3502918173250,3544953191329,backfill_est
2026-08-04,2026-08-04 16:45:00,FIH,富智康,2038.HK,HKD,2026-08-04,17.67,17.14,3.092,782836330,current,13832718011,4.131,Yahoo 歷史匯率（回補）,57142365047,55428415269,backfill_est
2026-08-04,2026-08-04 16:45:00,FII,工業富聯,601138.SS,CNY,2026-08-04,59.93,55.9,7.209,19844092284,current,1189256456636,4.7978,Yahoo 歷史匯率（回補）,5705782219916,5322096331979,backfill_est
2026-08-04,2026-08-04 16:45:00,FIT,鴻騰精密,6088.HK,HKD,2026-08-04,5.275,4.9,7.653,7110873347,current,37509857584,4.131,Yahoo 歷史匯率（回補）,154951613503,143936096155,backfill_est
2026-08-04,2026-08-04 16:45:00,FVT,鴻華先進,2258.TW,TWD,2026-08-04,30.0,31.4,-4.459,1744325100,current,52329753000,1.0,—,52329753000,54771807475,backfill_est
2026-08-05,2026-08-05 16:45:00,FHH,鴻海精密,2317.TW,TWD,2026-08-05,258.5,250.0,3.4,14011672693,current,3622017391140,1.0,—,3622017391140,3502918173250,backfill_est
2026-08-05,2026-08-05 16:45:00,FIH,富智康,2038.HK,HKD,2026-08-05,18.32,17.67,3.679,782836330,current,14341561327,4.1306,Yahoo 歷史匯率（回補）,59239711051,57137866607,backfill_est
2026-08-05,2026-08-05 16:45:00,FII,工業富聯,601138.SS,CNY,2026-08-05,65.92,59.93,9.995,19844092284,current,1308122527026,4.797,Yahoo 歷史匯率（回補）,6275063564573,5704863042866,backfill_est
2026-08-05,2026-08-05 16:45:00,FIT,鴻騰精密,6088.HK,HKD,2026-08-05,6.185,5.275,17.251,7110873347,current,43980751244,4.1306,Yahoo 歷史匯率（回補）,181668295117,154939415187,backfill_est
2026-08-05,2026-08-05 16:45:00,FVT,鴻華先進,2258.TW,TWD,2026-08-05,30.0,30.0,0.0,1744325100,current,52329753000,1.0,—,52329753000,52329753000,backfill_est
2026-08-06,2026-08-06 16:45:00,FHH,鴻海精密,2317.TW,TWD,2026-08-06,264.5,258.5,2.321,14011672693,current,3706087427298,1.0,—,3706087427298,3622017391140,backfill_est
2026-08-06,2026-08-06 16:45:00,FIH,富智康,2038.HK,HKD,2026-08-06,18.47,18.32,0.819,782836330,current,14458986478,4.1135,Yahoo 歷史匯率（回補）,59477704465,58994670718,backfill_est
2026-08-06,2026-08-06 16:45:00,FII,工業富聯,601138.SS,CNY,2026-08-06,68.27,65.92,3.565,19844092284,current,1354756113613,4.7802,Yahoo 歷史匯率（回補）,6475982042766,6253064968396,backfill_est
2026-08-06,2026-08-06 16:45:00,FIT,鴻騰精密,6088.HK,HKD,2026-08-06,5.885,6.185,-4.85,7110873347,current,41847491275,4.1135,Yahoo 歷史匯率（回補）,172141575933,180916838723,backfill_est
2026-08-06,2026-08-06 16:45:00,FVT,鴻華先進,2258.TW,TWD,2026-08-06,29.95,30.0,-0.167,1744325100,current,52242538076,1.0,—,52242538076,52329753000,backfill_est
2026-08-07,2026-08-07 16:45:00,FHH,鴻海精密,2317.TW,TWD,2026-08-07,260.0,264.5,-1.701,14011672693,current,3643034900180,1.0,—,3643034900180,3706087427298,backfill_est
2026-08-07,2026-08-07 16:45:00,FIH,富智康,2038.HK,HKD,2026-08-07,18.99,18.47,2.815,782836330,current,14866061728,4.1056,Yahoo 歷史匯率（回補）,61033732636,59362454632,backfill_est
2026-08-07,2026-08-07 16:45:00,FII,工業富聯,601138.SS,CNY,2026-08-07,68.18,68.27,-0.132,19844092284,current,1352970217979,4.7722,Yahoo 歷史匯率（回補）,6456679786776,6465202484534,backfill_est
2026-08-07,2026-08-07 16:45:00,FIT,鴻騰精密,6088.HK,HKD,2026-08-07,5.98,5.885,1.614,7110873347,current,42523022751,4.1056,Yahoo 歷史匯率（回補）,174581462731,171808017534,backfill_est
2026-08-07,2026-08-07 16:45:00,FVT,鴻華先進,2258.TW,TWD,2026-08-07,29.85,29.95,-0.334,1744325100,current,52068104900,1.0,—,52068104900,52242538076,backfill_est
2026-08-10,2026-08-10 16:45:00,FHH,鴻海精密,2317.TW,TWD,2026-08-10,264.5,260.0,1.731,14011672693,current,3706087427298,1.0,—,3706087427298,3643034900180,backfill_est
2026-08-10,2026-08-10 16:45:00,FIH,富智康,2038.HK,HKD,2026-08-10,18.9,18.99,-0.474,782836330,current,14795606338,4.109,Yahoo 歷史匯率（回補）,60795057776,61084558548,backfill_est
2026-08-10,2026-08-10 16:45:00,FII,工業富聯,601138.SS,CNY,2026-08-10,69.18,68.18,1.467,19844092284,current,1372814310263,4.7774,Yahoo 歷史匯率（回補）,6558497725616,6463694347520,backfill_est
2026-08-10,2026-08-10 16:45:00,FIT,鴻騰精密,6088.HK,HKD,2026-08-10,5.975,5.98,-0.084,7110873347,current,42487467570,4.109,Yahoo 歷史匯率（回補）,174580749623,174726845647,backfill_est
2026-08-10,2026-08-10 16:45:00,FVT,鴻華先進,2258.TW,TWD,2026-08-10,30.2,29.85,1.173,1744325100,current,52678619351,1.0,—,52678619351,52068104900,backfill_est
2026-08-11,2026-08-11 16:45:00,FHH,鴻海精密,2317.TW,TWD,2026-08-11,263.0,264.5,-0.567,14011672693,current,3685069918259,1.0,—,3685069918259,3706087427298,backfill_est
2026-08-11,2026-08-11 16:45:00,FIH,富智康,2038.HK,HKD,2026-08-11,18.55,18.9,-1.852,782836330,current,14521613324,4.1076,Yahoo 歷史匯率（回補）,59649542851,60775007196,backfill_est
2026-08-11,2026-08-11 16:45:00,FII,工業富聯,601138.SS,CNY,2026-08-11,66.01,69.18,-4.582,19844092284,current,1309908574058,4.7762,Yahoo 歷史匯率（回補）,6256418220703,6556870177406,backfill_est
2026-08-11,2026-08-11 16:45:00,FIT,鴻騰精密,6088.HK,HKD,2026-08-11,5.13,5.975,-14.142,7110873347,current,36478781084,4.1076,Yahoo 歷史匯率（回補）,149841657867,174523171831,backfill_est
2026-08-11,2026-08-11 16:45:00,FVT,鴻華先進,2258.TW,TWD,2026-08-11,31.15,30.2,3.146,1744325100,current,54335726200,1.0,—,54335726200,52678619351,backfill_est
2026-08-12,2026-08-12 16:45:00,FHH,鴻海精密,2317.TW,TWD,2026-08-12,270.0,263.0,2.662,14011672693,current,3783151627110,1.0,—,3783151627110,3685069918259,backfill_est
2026-08-12,2026-08-12 16:45:00,FIH,富智康,2038.HK,HKD,2026-08-12,18.38,18.55,-0.916,782836330,current,14388531088,4.1048,Yahoo 歷史匯率（回補）,59062471020,59608750946,backfill_est
2026-08-12,2026-08-12 16:45:00,FII,工業富聯,601138.SS,CNY,2026-08-12,65.6,66.01,-0.621,19844092284,current,1301772423551,4.7753,Yahoo 歷史匯率（回補）,6216296121183,6255148319868,backfill_est
2026-08-12,2026-08-12 16:45:00,FIT,鴻騰精密,6088.HK,HKD,2026-08-12,5.22,5.13,1.754,7110873347,current,37118757379,4.1048,Yahoo 歷史匯率（回補）,152366180992,149739187231,backfill_est
2026-08-12,2026-08-12 16:45:00,FVT,鴻華先進,2258.TW,TWD,2026-08-12,31.95,31.15,2.568,1744325100,current,55731188276,1.0,—,55731188276,54335726200,backfill_est
2026-08-13,2026-08-13 16:45:00,FHH,鴻海精密,2317.TW,TWD,2026-08-13,262.0,270.0,-2.963,14011672693,current,3671058245566,1.0,—,3671058245566,3783151627110,backfill_est
2026-08-13,2026-08-13 16:45:00,FIH,富智康,2038.HK,HKD,2026-08-13,18.5,18.38,0.653,782836330,current,14482472105,4.104,Yahoo 歷史匯率（回補）,59436163526,59050628958,backfill_est
2026-08-13,2026-08-13 16:45:00,FII,工業富聯,601138.SS,CNY,2026-08-13,65.23,65.6,-0.564,19844092284,current,1294430206301,4.7755,Yahoo 歷史匯率（回補）,6181488499722,6216550901134,backfill_est
2026-08-13,2026-08-13 16:45:00,FIT,鴻騰精密,6088.HK,HKD,2026-08-13,5.21,5.22,-0.192,7110873347,current,37047650409,4.104,Yahoo 歷史匯率（回補）,152043807991,152335631478,backfill_est
2026-08-13,2026-08-13 16:45:00,FVT,鴻華先進,2258.TW,TWD,2026-08-13,31.95,31.95,0.0,1744325100,current,55731188276,1.0,—,55731188276,55731188276,backfill_est
2026-08-14,2026-08-14 16:45:00,FHH,鴻海精密,2317.TW,TWD,2026-08-14,259.5,262.0,-0.954,14011672693,current,3636029063834,1.0,—,3636029063834,3671058245566,backfill_est
2026-08-14,2026-08-14 16:45:00,FIH,富智康,2038.HK,HKD,2026-08-14,17.94,18.5,-3.027,782836330,current,14044084178,4.0938,Yahoo 歷史匯率（回補）,57494134838,59288821786,backfill_est
2026-08-14,2026-08-14 16:45:00,FII,工業富聯,601138.SS,CNY,2026-08-14,66.19,65.23,1.472,19844092284,current,1313480516725,4.7642,Yahoo 歷史匯率（回補）,6257693782903,6166934150316,backfill_est
2026-08-14,2026-08-14 16:45:00,FIT,鴻騰精密,6088.HK,HKD,2026-08-14,5.28,5.21,1.344,7110873347,current,37545412764,4.0938,Yahoo 歷史匯率（回補）,153704648633,151666892694,backfill_est
2026-08-14,2026-08-14 16:45:00,FVT,鴻華先進,2258.TW,TWD,2026-08-14,31.5,31.95,-1.408,1744325100,current,54946240650,1.0,—,54946240650,55731188276,backfill_est
2026-08-17,2026-08-17 16:45:00,FHH,鴻海精密,2317.TW,TWD,2026-08-17,255.0,259.5,-1.734,14011672693,current,3572976536715,1.0,—,3572976536715,3636029063834,backfill_est
2026-08-17,2026-08-17 16:45:00,FIH,富智康,2038.HK,HKD,2026-08-17,18.35,17.94,2.285,782836330,current,14365046954,4.0768,Yahoo 歷史匯率（回補）,58562859866,57254371413,backfill_est
2026-08-17,2026-08-17 16:45:00,FII,工業富聯,601138.SS,CNY,2026-08-17,68.23,66.19,3.082,19844092284,current,1353962483153,4.7443,Yahoo 歷史匯率（回補）,6423671052386,6231610460517,backfill_est
2026-08-17,2026-08-17 16:45:00,FIT,鴻騰精密,6088.HK,HKD,2026-08-17,5.49,5.28,3.977,7110873347,current,39038693047,4.0768,Yahoo 歷史匯率（回補）,159151412285,153063665808,backfill_est
2026-08-17,2026-08-17 16:45:00,FVT,鴻華先進,2258.TW,TWD,2026-08-17,31.6,31.5,0.317,1744325100,current,55120673825,1.0,—,55120673825,54946240650,backfill_est
2026-08-18,2026-08-18 16:45:00,FHH,鴻海精密,2317.TW,TWD,2026-08-18,249.0,255.0,-2.353,14011672693,current,3488906500557,1.0,—,3488906500557,3572976536715,backfill_est
2026-08-18,2026-08-18 16:45:00,FIH,富智康,2038.HK,HKD,2026-08-18,18.11,18.35,-1.308,782836330,current,14177166414,4.0603,Yahoo 歷史匯率（回補）,57563337429,58326185985,backfill_est
2026-08-18,2026-08-18 16:45:00,FII,工業富聯,601138.SS,CNY,2026-08-18,66.2,68.23,-2.975,19844092284,current,1313678848641,4.7256,Yahoo 歷史匯率（回補）,6207965180516,6398330885687,backfill_est
2026-08-18,2026-08-18 16:45:00,FIT,鴻騰精密,6088.HK,HKD,2026-08-18,5.285,5.49,-3.734,7110873347,current,37580964554,4.0603,Yahoo 歷史匯率（回補）,152589430098,158508223368,backfill_est
2026-08-18,2026-08-18 16:45:00,FVT,鴻華先進,2258.TW,TWD,2026-08-18,31.15,31.6,-1.424,1744325100,current,54335726200,1.0,—,54335726200,55120673825,backfill_est
2026-08-19,2026-08-19 16:45:00,FHH,鴻海精密,2317.TW,TWD,2026-08-19,245.0,249.0,-1.606,14011672693,current,3432859809785,1.0,—,3432859809785,3488906500557,backfill_est
2026-08-19,2026-08-19 16:45:00,FIH,富智康,2038.HK,HKD,2026-08-19,17.08,18.11,-5.687,782836330,current,13370844457,4.0645,Yahoo 歷史匯率（回補）,54346075887,57623388284,backfill_est
2026-08-19,2026-08-19 16:45:00,FII,工業富聯,601138.SS,CNY,2026-08-19,61.83,66.2,-6.601,19844092284,current,1226960262255,4.7284,Yahoo 歷史匯率（回補）,5801593681856,6211636303736,backfill_est
2026-08-19,2026-08-19 16:45:00,FIT,鴻騰精密,6088.HK,HKD,2026-08-19,5.045,5.285,-4.541,7110873347,current,35874356578,4.0645,Yahoo 歷史匯率（回補）,145812069785,152748613462,backfill_est
2026-08-19,2026-08-19 16:45:00,FVT,鴻華先進,2258.TW,TWD,2026-08-19,31.05,31.15,-0.321,1744325100,current,54161293024,1.0,—,54161293024,54335726200,backfill_est
2026-08-20,2026-08-20 16:45:00,FHH,鴻海精密,2317.TW,TWD,2026-08-20,246.5,245.0,0.612,14011672693,current,3453877318824,1.0,—,3453877318824,3432859809785,backfill_est
2026-08-20,2026-08-20 16:45:00,FIH,富智康,2038.HK,HKD,2026-08-20,16.9,17.08,-1.054,782836330,current,13229933678,4.0579,Yahoo 歷史匯率（回補）,53686340239,54258148395,backfill_est
2026-08-20,2026-08-20 16:45:00,FII,工業富聯,601138.SS,CNY,2026-08-20,62.13,61.83,0.485,19844092284,current,1232913474801,4.7277,Yahoo 歷史匯率（回補）,5828852991977,5800707950605,backfill_est
2026-08-20,2026-08-20 16:45:00,FIT,鴻騰精密,6088.HK,HKD,2026-08-20,4.985,5.045,-1.189,7110873347,current,35447704584,4.0579,Yahoo 歷史匯率（回補）,143844827590,145576157819,backfill_est
2026-08-20,2026-08-20 16:45:00,FVT,鴻華先進,2258.TW,TWD,2026-08-20,32.15,31.05,3.543,1744325100,current,56080054627,1.0,—,56080054627,54161293024,backfill_est
2026-08-21,2026-08-21 16:45:00,FHH,鴻海精密,2317.TW,TWD,2026-08-21,245.5,246.5,-0.406,14011672693,current,3439865646132,1.0,—,3439865646132,3453877318824,backfill_est
2026-08-21,2026-08-21 16:45:00,FIH,富智康,2038.HK,HKD,2026-08-21,17.14,16.9,1.42,782836330,current,13417814218,4.0591,Yahoo 歷史匯率（回補）,54464488451,53701859208,backfill_est
2026-08-21,2026-08-21 16:45:00,FII,工業富聯,601138.SS,CNY,2026-08-21,62.84,62.13,1.143,19844092284,current,1247002762155,4.7361,Yahoo 歷史匯率（回補）,5905905514698,5839177515044,backfill_est
2026-08-21,2026-08-21 16:45:00,FIT,鴻騰精密,6088.HK,HKD,2026-08-21,5.05,4.985,1.304,7110873347,current,35909911759,4.0591,Yahoo 歷史匯率（回補）,145762561802,143886408435,backfill_est
2026-08-21,2026-08-21 16:45:00,FVT,鴻華先進,2258.TW,TWD,2026-08-21,32.0,32.15,-0.467,1744325100,current,55818403200,1.0,—,55818403200,56080054627,backfill_est
2026-08-24,2026-08-24 16:45:00,FHH,鴻海精密,2317.TW,TWD,2026-08-24,243.5,245.5,-0.815,14011672693,current,3411842300746,1.0,—,3411842300746,3439865646132,backfill_est
2026-08-24,2026-08-24 16:45:00,FIH,富智康,2038.HK,HKD,2026-08-24,16.65,17.14,-2.859,782836330,current,13034224596,4.0593,Yahoo 歷史匯率（回補）,52909242967,54466331107,backfill_est
2026-08-24,2026-08-24 16:45:00,FII,工業富聯,601138.SS,CNY,2026-08-24,60.4,62.84,-3.883,19844092284,current,1198583204233,4.7347,Yahoo 歷史匯率（回補）,5674946321171,5904198984755,backfill_est
2026-08-24,2026-08-24 16:45:00,FIT,鴻騰精密,6088.HK,HKD,2026-08-24,4.85,5.05,-3.96,7110873347,current,34487735055,4.0593,Yahoo 歷史匯率（回補）,139994515207,145767493278,backfill_est
2026-08-24,2026-08-24 16:45:00,FVT,鴻華先進,2258.TW,TWD,2026-08-24,31.45,32.0,-1.719,1744325100,current,54859025726,1.0,—,54859025726,55818403200,backfill_est
2026-08-25,2026-08-25 16:45:00,FHH,鴻海精密,2317.TW,TWD,2026-08-25,243.0,243.5,-0.205,14011672693,current,3404836464399,1.0,—,3404836464399,3411842300746,backfill_est
2026-08-25,2026-08-25 16:45:00,FIH,富智康,2038.HK,HKD,2026-08-25,16.64,16.65,-0.06,782836330,current,13026396053,4.0594,Yahoo 歷史匯率（回補）,52879197916,52910977008,backfill_est
2026-08-25,2026-08-25 16:45:00,FII,工業富聯,601138.SS,CNY,2026-08-25,60.15,60.4,-0.414,19844092284,current,1193622181162,4.7326,Yahoo 歷史匯率（回補）,5648925040918,5672403531765,backfill_est
2026-08-25,2026-08-25 16:45:00,FIT,鴻騰精密,6088.HK,HKD,2026-08-25,4.965,4.85,2.371,7110873347,current,35305487253,4.0594,Yahoo 歷史匯率（回補）,143318676962,139999103371,backfill_est
2026-08-25,2026-08-25 16:45:00,FVT,鴻華先進,2258.TW,TWD,2026-08-25,31.0,31.45,-1.431,1744325100,current,54074078100,1.0,—,54074078100,54859025726,backfill_est
2026-08-26,2026-08-26 16:45:00,FHH,鴻海精密,2317.TW,TWD,2026-08-26,246.5,243.0,1.44,14011672693,current,3453877318824,1.0,—,3453877318824,3404836464399,backfill_est
2026-08-26,2026-08-26 16:45:00,FIH,富智康,2038.HK,HKD,2026-08-26,16.41,16.64,-1.382,782836330,current,12846344056,4.0625,Yahoo 歷史匯率（回補）,52187978697,52919435816,backfill_est
2026-08-26,2026-08-26 16:45:00,FII,工業富聯,601138.SS,CNY,2026-08-26,60.57,60.15,0.698,19844092284,current,1201956663586,4.7382,Yahoo 歷史匯率（回補）,5695070548461,5655580384776,backfill_est
2026-08-26,2026-08-26 16:45:00,FIT,鴻騰精密,6088.HK,HKD,2026-08-26,5.005,4.965,0.806,7110873347,current,35589921916,4.0625,Yahoo 歷史匯率（回補）,144583243193,143427733886,backfill_est
2026-08-26,2026-08-26 16:45:00,FVT,鴻華先進,2258.TW,TWD,2026-08-26,31.55,31.0,1.774,1744325100,current,55033455574,1.0,—,55033455574,54074078100,backfill_est
2026-08-27,2026-08-27 16:45:00,FHH,鴻海精密,2317.TW,TWD,2026-08-27,252.0,246.5,2.231,14011672693,current,3530941518636,1.0,—,3530941518636,3453877318824,backfill_est
2026-08-27,2026-08-27 16:45:00,FIH,富智康,2038.HK,HKD,2026-08-27,16.49,16.41,0.488,782836330,current,12908970903,4.0573,Yahoo 歷史匯率（回補）,52375759635,52121662798,backfill_est
2026-08-27,2026-08-27 16:45:00,FII,工業富聯,601138.SS,CNY,2026-08-27,63.86,60.57,5.432,19844092284,current,1267243745368,4.7313,Yahoo 歷史匯率（回補）,5995660763514,5686770547219,backfill_est
2026-08-27,2026-08-27 16:45:00,FIT,鴻騰精密,6088.HK,HKD,2026-08-27,5.28,5.005,5.495,7110873347,current,37545412764,4.0573,Yahoo 歷史匯率（回補）,152333561611,144399519508,backfill_est
2026-08-27,2026-08-27 16:45:00,FVT,鴻華先進,2258.TW,TWD,2026-08-27,31.6,31.55,0.158,1744325100,current,55120673825,1.0,—,55120673825,55033455574,backfill_est
2026-08-28,2026-08-28 16:45:00,FHH,鴻海精密,2317.TW,TWD,2026-08-28,253.0,252.0,0.397,14011672693,current,3544953191329,1.0,—,3544953191329,3530941518636,backfill_est
2026-08-28,2026-08-28 16:45:00,FIH,富智康,2038.HK,HKD,2026-08-28,16.51,16.49,0.121,782836330,current,12924627987,4.0389,Yahoo 歷史匯率（回補）,52201217038,52137979714,backfill_est
2026-08-28,2026-08-28 16:45:00,FII,工業富聯,601138.SS,CNY,2026-08-28,64.04,63.86,0.282,19844092284,current,1270815688035,4.7097,Yahoo 歷史匯率（回補）,5985149792182,5968327044311,backfill_est
2026-08-28,2026-08-28 16:45:00,FIT,鴻騰精密,6088.HK,HKD,2026-08-28,5.34,5.28,1.136,7110873347,current,37972064758,4.0389,Yahoo 歷史匯率（回補）,153365187433,151641984773,backfill_est
2026-08-28,2026-08-28 16:45:00,FVT,鴻華先進,2258.TW,TWD,2026-08-28,31.3,31.6,-0.949,1744325100,current,54597374299,1.0,—,54597374299,55120673825,backfill_est
2026-08-31,2026-08-31 16:45:00,FHH,鴻海精密,2317.TW,TWD,2026-08-31,250.0,253.0,-1.186,14011672693,current,3502918173250,1.0,—,3502918173250,3544953191329,backfill_est
2026-08-31,2026-08-31 16:45:00,FIH,富智康,2038.HK,HKD,2026-08-31,16.8,16.51,1.757,782836330,current,13151649747,4.0341,Yahoo 歷史匯率（回補）,53054506568,52138687819,backfill_est
2026-08-31,2026-08-31 16:45:00,FII,工業富聯,601138.SS,CNY,2026-08-31,64.84,64.04,1.249,19844092284,current,1286690871023,4.7021,Yahoo 歷史匯率（回補）,6050087094212,5975441161861,backfill_est
2026-08-31,2026-08-31 16:45:00,FIT,鴻騰精密,6088.HK,HKD,2026-08-31,5.325,5.34,-0.281,7110873347,current,37865399216,4.0341,Yahoo 歷史匯率（回補）,152751184081,153181478971,backfill_est
2026-08-31,2026-08-31 16:45:00,FVT,鴻華先進,2258.TW,TWD,2026-08-31,31.1,31.3,-0.639,1744325100,current,54248511275,1.0,—,54248511275,54597374299,backfill_est
2026-09-01,2026-09-01 16:45:00,FHH,鴻海精密,2317.TW,TWD,2026-09-01,256.0,250.0,2.4,14011672693,current,3586988209408,1.0,—,3586988209408,3502918173250,backfill_est
2026-09-01,2026-09-01 16:45:00,FIH,富智康,2038.HK,HKD,2026-09-01,16.5,16.8,-1.786,782836330,current,12916799445,4.0424,Yahoo 歷史匯率（回補）,52214585245,53163938926,backfill_est
2026-09-01,2026-09-01 16:45:00,FII,工業富聯,601138.SS,CNY,2026-09-01,62.94,64.84,-2.93,19844092284,current,1248987141103,4.7113,Yahoo 歷史匯率（回補）,5884315369001,6061947812231,backfill_est
2026-09-01,2026-09-01 16:45:00,FIT,鴻騰精密,6088.HK,HKD,2026-09-01,5.25,5.325,-1.408,7110873347,current,37332085072,4.0424,Yahoo 歷史匯率（回補）,150910397475,153066254814,backfill_est
2026-09-01,2026-09-01 16:45:00,FVT,鴻華先進,2258.TW,TWD,2026-09-01,31.5,31.1,1.286,1744325100,current,54946240650,1.0,—,54946240650,54248511275,backfill_est
2026-09-02,2026-09-02 16:45:00,FHH,鴻海精密,2317.TW,TWD,2026-09-02,251.0,256.0,-1.953,14011672693,current,3516929845943,1.0,—,3516929845943,3586988209408,backfill_est
2026-09-02,2026-09-02 16:45:00,FIH,富智康,2038.HK,HKD,2026-09-02,16.21,16.5,-1.758,782836330,current,12689776193,4.0397,Yahoo 歷史匯率（回補）,51263040556,52180149102,backfill_est
2026-09-02,2026-09-02 16:45:00,FII,工業富聯,601138.SS,CNY,2026-09-02,61.8,62.94,-1.811,19844092284,current,1226364888011,4.7134,Yahoo 歷史匯率（回補）,5780349771570,5886977527118,backfill_est
2026-09-02,2026-09-02 16:45:00,FIT,鴻騰精密,6088.HK,HKD,2026-09-02,5.17,5.25,-1.524,7110873347,current,36763215747,4.0397,Yahoo 歷史匯率（回補）,148512802053,150810870265,backfill_est
2026-09-02,2026-09-02 16:45:00,FVT,鴻華先進,2258.TW,TWD,2026-09-02,31.0,31.5,-1.587,1744325100,current,54074078100,1.0,—,54074078100,54946240650,backfill_est
2026-09-03,2026-09-03 16:45:00,FHH,鴻海精密,2317.TW,TWD,2026-09-03,247.5,251.0,-1.394,14011672693,current,3467888991518,1.0,—,3467888991518,3516929845943,backfill_est
2026-09-03,2026-09-03 16:45:00,FIH,富智康,2038.HK,HKD,2026-09-03,16.47,16.21,1.604,782836330,current,12893313818,4.0458,Yahoo 歷史匯率（回補）,52163187677,51339724332,backfill_est
2026-09-03,2026-09-03 16:45:00,FII,工業富聯,601138.SS,CNY,2026-09-03,63.2,61.8,2.265,19844092284,current,1254146647489,4.7219,Yahoo 歷史匯率（回補）,5921909258957,5790727583347,backfill_est
2026-09-03,2026-09-03 16:45:00,FIT,鴻騰精密,6088.HK,HKD,2026-09-03,5.35,5.17,3.482,7110873347,current,38043171728,4.0458,Yahoo 歷史匯率（回補）,153913348793,148734960596,backfill_est
2026-09-03,2026-09-03 16:45:00,FVT,鴻華先進,2258.TW,TWD,2026-09-03,30.1,31.0,-2.903,1744325100,current,52504186175,1.0,—,52504186175,54074078100,backfill_est
2026-09-04,2026-09-04 16:45:00,FHH,鴻海精密,2317.TW,TWD,2026-09-04,256.0,247.5,3.434,14011672693,current,3586988209408,1.0,—,3586988209408,3467888991518,backfill_est
2026-09-04,2026-09-04 16:45:00,FIH,富智康,2038.HK,HKD,2026-09-04,16.45,16.47,-0.121,782836330,current,12877658226,4.0428,Yahoo 歷史匯率（回補）,52061218815,52124510539,backfill_est
2026-09-04,2026-09-04 16:45:00,FII,工業富聯,601138.SS,CNY,2026-09-04,63.69,63.2,0.775,19844092284,current,1263870210316,4.7173,Yahoo 歷史匯率（回補）,5962029019745,5916160256259,backfill_est
2026-09-04,2026-09-04 16:45:00,FIT,鴻騰精密,6088.HK,HKD,2026-09-04,5.305,5.35,-0.841,7110873347,current,37723181885,4.0428,Yahoo 歷史匯率（回補）,152505586971,153799227550,backfill_est
2026-09-04,2026-09-04 16:45:00,FVT,鴻華先進,2258.TW,TWD,2026-09-04,30.3,30.1,0.664,1744325100,current,52853049199,1.0,—,52853049199,52504186175,backfill_est
2026-09-07,2026-09-07 16:45:00,FHH,鴻海精密,2317.TW,TWD,2026-09-07,256.0,256.0,0.0,14011672693,current,3586988209408,1.0,—,3586988209408,3586988209408,backfill_est
2026-09-07,2026-09-07 16:45:00,FIH,富智康,2038.HK,HKD,2026-09-07,16.8,16.45,2.128,782836330,current,13151649747,4.0328,Yahoo 歷史匯率（回補）,53037329764,51932390161,backfill_est
2026-09-07,2026-09-07 16:45:00,FII,工業富聯,601138.SS,CNY,2026-09-07,66.57,63.69,4.522,19844092284,current,1321021217290,4.712,Yahoo 歷史匯率（回補）,6224594866653,5955301792495,backfill_est
2026-09-07,2026-09-07 16:45:00,FIT,鴻騰精密,6088.HK,HKD,2026-09-07,5.49,5.305,3.487,7110873347,current,39038693047,4.0328,Yahoo 歷史匯率（回補）,157433331681,152128202616,backfill_est
2026-09-07,2026-09-07 16:45:00,FVT,鴻華先進,2258.TW,TWD,2026-09-07,31.5,30.3,3.96,1744325100,current,54946240650,1.0,—,54946240650,52853049199,backfill_est
2026-09-08,2026-09-08 16:45:00,FHH,鴻海精密,2317.TW,TWD,2026-09-08,251.5,256.0,-1.758,14011672693,current,3523935682290,1.0,—,3523935682290,3586988209408,backfill_est
2026-09-08,2026-09-08 16:45:00,FIH,富智康,2038.HK,HKD,2026-09-08,16.41,16.8,-2.321,782836330,current,12846344056,4.0187,Yahoo 歷史匯率（回補）,51625432918,52852360859,backfill_est
2026-09-08,2026-09-08 16:45:00,FII,工業富聯,601138.SS,CNY,2026-09-08,64.75,66.57,-2.734,19844092284,current,1284904975389,4.6947,Yahoo 歷史匯率（回補）,6032187176014,6201740516855,backfill_est
2026-09-08,2026-09-08 16:45:00,FIT,鴻騰精密,6088.HK,HKD,2026-09-08,5.27,5.49,-4.007,7110873347,current,37474302403,4.0187,Yahoo 歷史匯率（回補）,150597483334,156884279322,backfill_est
2026-09-08,2026-09-08 16:45:00,FVT,鴻華先進,2258.TW,TWD,2026-09-08,31.85,31.5,1.111,1744325100,current,55556755100,1.0,—,55556755100,54946240650,backfill_est
2026-09-09,2026-09-09 16:45:00,FHH,鴻海精密,2317.TW,TWD,2026-09-09,252.0,251.5,0.199,14011672693,current,3530941518636,1.0,—,3530941518636,3523935682290,backfill_est
2026-09-09,2026-09-09 16:45:00,FIH,富智康,2038.HK,HKD,2026-09-09,16.94,16.41,3.23,782836330,current,13261247848,4.017,Yahoo 歷史匯率（回補）,53270593323,51603919761,backfill_est
2026-09-09,2026-09-09 16:45:00,FII,工業富聯,601138.SS,CNY,2026-09-09,65.24,64.75,0.757,19844092284,current,1294628538217,4.694,Yahoo 歷史匯率（回補）,6077008531564,6031365961116,backfill_est
2026-09-09,2026-09-09 16:45:00,FIT,鴻騰精密,6088.HK,HKD,2026-09-09,5.655,5.27,7.306,7110873347,current,40211990269,4.017,Yahoo 歷史匯率（回補）,161532052252,150534726915,backfill_est
2026-09-09,2026-09-09 16:45:00,FVT,鴻華先進,2258.TW,TWD,2026-09-09,31.8,31.85,-0.157,1744325100,current,55469536849,1.0,—,55469536849,55556755100,backfill_est
2026-09-10,2026-09-10 16:45:00,FHH,鴻海精密,2317.TW,TWD,2026-09-10,251.0,252.0,-0.397,14011672693,current,3516929845943,1.0,—,3516929845943,3530941518636,backfill_est
2026-09-10,2026-09-10 16:45:00,FIH,富智康,2038.HK,HKD,2026-09-10,16.74,16.94,-1.181,782836330,current,13104679985,4.0122,Yahoo 歷史匯率（回補）,52578139284,53206315396,backfill_est
2026-09-10,2026-09-10 16:45:00,FII,工業富聯,601138.SS,CNY,2026-09-10,63.91,65.24,-2.039,19844092284,current,1268235934842,4.6888,Yahoo 歷史匯率（回補）,5946468631320,6070217520427,backfill_est
2026-09-10,2026-09-10 16:45:00,FIT,鴻騰精密,6088.HK,HKD,2026-09-10,5.485,5.655,-3.006,7110873347,current,39003141258,4.0122,Yahoo 歷史匯率（回補）,156487040958,161337142736,backfill_est
2026-09-10,2026-09-10 16:45:00,FVT,鴻華先進,2258.TW,TWD,2026-09-10,31.1,31.8,-2.201,1744325100,current,54248511275,1.0,—,54248511275,55469536849,backfill_est
2026-09-11,2026-09-11 16:45:00,FHH,鴻海精密,2317.TW,TWD,2026-09-11,248.0,251.0,-1.195,14011672693,current,3474894827864,1.0,—,3474894827864,3516929845943,backfill_est
2026-09-11,2026-09-11 16:45:00,FIH,富智康,2038.HK,HKD,2026-09-11,16.41,16.74,-1.971,782836330,current,12846344056,4.0343,Yahoo 歷史匯率（回補）,51826493953,52868708408,backfill_est
2026-09-11,2026-09-11 16:45:00,FII,工業富聯,601138.SS,CNY,2026-09-11,64.07,63.91,0.25,19844092284,current,1271410986580,4.7173,Yahoo 歷史匯率（回補）,5997686722424,5982708901838,backfill_est
2026-09-11,2026-09-11 16:45:00,FIT,鴻騰精密,6088.HK,HKD,2026-09-11,5.275,5.485,-3.829,7110873347,current,37509857584,4.0343,Yahoo 歷史匯率（回補）,151327443728,157351854795,backfill_est
2026-09-11,2026-09-11 16:45:00,FVT,鴻華先進,2258.TW,TWD,2026-09-11,30.55,31.1,-1.768,1744325100,current,53289130474,1.0,—,53289130474,54248511275,backfill_est
2026-09-14,2026-09-14 16:45:00,FHH,鴻海精密,2317.TW,TWD,2026-09-14,248.5,248.0,0.202,14011672693,current,3481900664210,1.0,—,3481900664210,3474894827864,backfill_est
2026-09-14,2026-09-14 16:45:00,FIH,富智康,2038.HK,HKD,2026-09-14,16.24,16.41,-1.036,782836330,current,12713261820,4.0392,Yahoo 歷史匯率（回補）,51351714141,51889263121,backfill_est
2026-09-14,2026-09-14 16:45:00,FII,工業富聯,601138.SS,CNY,2026-09-14,61.57,64.07,-3.902,19844092284,current,1221800755870,4.7222,Yahoo 歷史匯率（回補）,5769529681811,6003796764417,backfill_est
2026-09-14,2026-09-14 16:45:00,FIT,鴻騰精密,6088.HK,HKD,2026-09-14,5.275,5.275,0.0,7110873347,current,37509857584,4.0392,Yahoo 歷史匯率（回補）,151510722532,151510722532,backfill_est
2026-09-14,2026-09-14 16:45:00,FVT,鴻華先進,2258.TW,TWD,2026-09-14,30.1,30.55,-1.473,1744325100,current,52504186175,1.0,—,52504186175,53289130474,backfill_est
2026-09-15,2026-09-15 16:45:00,FHH,鴻海精密,2317.TW,TWD,2026-09-15,246.5,248.5,-0.805,14011672693,current,3453877318824,1.0,—,3453877318824,3481900664210,backfill_est
2026-09-15,2026-09-15 16:45:00,FIH,富智康,2038.HK,HKD,2026-09-15,15.88,16.24,-2.217,782836330,current,12431441010,4.044,Yahoo 歷史匯率（回補）,50272885633,51412572121,backfill_est
2026-09-15,2026-09-15 16:45:00,FII,工業富聯,601138.SS,CNY,2026-09-15,60.8,61.57,-1.251,19844092284,current,1206520795727,4.7282,Yahoo 歷史匯率（回補）,5704651614211,5776898068314,backfill_est
2026-09-15,2026-09-15 16:45:00,FIT,鴻騰精密,6088.HK,HKD,2026-09-15,5.13,5.275,-2.749,7110873347,current,36478781084,4.044,Yahoo 歷史匯率（回補）,147520596202,151690281029,backfill_est
2026-09-15,2026-09-15 16:45:00,FVT,鴻華先進,2258.TW,TWD,2026-09-15,30.05,30.1,-0.166,1744325100,current,52416967924,1.0,—,52416967924,52504186175,backfill_est
2026-09-16,2026-09-16 16:45:00,FHH,鴻海精密,2317.TW,TWD,2026-09-16,248.0,246.5,0.609,14011672693,current,3474894827864,1.0,—,3474894827864,3453877318824,backfill_est
2026-09-16,2026-09-16 16:45:00,FIH,富智康,2038.HK,HKD,2026-09-16,15.95,15.88,0.441,782836330,current,12486239314,4.0504,Yahoo 歷史匯率（回補）,50574647978,50352691241,backfill_est
2026-09-16,2026-09-16 16:45:00,FII,工業富聯,601138.SS,CNY,2026-09-16,62.33,60.8,2.516,19844092284,current,1236882308397,4.7344,Yahoo 歷史匯率（回補）,5855875871372,5712132810084,backfill_est
2026-09-16,2026-09-16 16:45:00,FIT,鴻騰精密,6088.HK,HKD,2026-09-16,5.245,5.13,2.242,7110873347,current,37296529891,4.0504,Yahoo 歷史匯率（回補）,151067012461,147754777525,backfill_est
2026-09-16,2026-09-16 16:45:00,FVT,鴻華先進,2258.TW,TWD,2026-09-16,30.15,30.05,0.333,1744325100,current,52591401100,1.0,—,52591401100,52416967924,backfill_est
2026-09-17,2026-09-17 16:45:00,FHH,鴻海精密,2317.TW,TWD,2026-09-17,250.5,248.0,1.008,14011672693,current,3509924009596,1.0,—,3509924009596,3474894827864,backfill_est
2026-09-17,2026-09-17 16:45:00,FIH,富智康,2038.HK,HKD,2026-09-17,15.88,15.95,-0.439,782836330,current,12431441010,4.0615,Yahoo 歷史匯率（回補）,50490221502,50712784479,backfill_est
2026-09-17,2026-09-17 16:45:00,FII,工業富聯,601138.SS,CNY,2026-09-17,61.27,62.33,-1.701,19844092284,current,1215847543325,4.7509,Yahoo 歷史匯率（回補）,5776381946362,5876316216805,backfill_est
2026-09-17,2026-09-17 16:45:00,FIT,鴻騰精密,6088.HK,HKD,2026-09-17,5.205,5.245,-0.763,7110873347,current,37012095229,4.0615,Yahoo 歷史匯率（回補）,150324398020,151479627660,backfill_est
2026-09-17,2026-09-17 16:45:00,FVT,鴻華先進,2258.TW,TWD,2026-09-17,30.9,30.15,2.488,1744325100,current,53899644925,1.0,—,53899644925,52591401100,backfill_est
2026-09-18,2026-09-18 16:45:00,FHH,鴻海精密,2317.TW,TWD,2026-09-18,250.5,250.5,0.0,14011672693,current,3509924009596,1.0,—,3509924009596,3509924009596,backfill_est
2026-09-18,2026-09-18 16:45:00,FIH,富智康,2038.HK,HKD,2026-09-18,16.42,15.88,3.401,782836330,current,12854172598,4.0595,Yahoo 歷史匯率（回補）,52181246767,50465176661,backfill_est
2026-09-18,2026-09-18 16:45:00,FII,工業富聯,601138.SS,CNY,2026-09-18,62.71,61.27,2.35,19844092284,current,1244423008962,4.7487,Yahoo 歷史匯率（回補）,5909330554740,5773635641523,backfill_est
2026-09-18,2026-09-18 16:45:00,FIT,鴻騰精密,6088.HK,HKD,2026-09-18,5.415,5.205,4.035,7110873347,current,38505378903,4.0595,Yahoo 歷史匯率（回補）,156311786153,150249832084,backfill_est
2026-09-18,2026-09-18 16:45:00,FVT,鴻華先進,2258.TW,TWD,2026-09-18,31.75,30.9,2.751,1744325100,current,55382321925,1.0,—,55382321925,53899644925,backfill_est
2026-09-21,2026-09-21 16:45:00,FHH,鴻海精密,2317.TW,TWD,2026-09-21,250.0,250.5,-0.2,14011672693,current,3502918173250,1.0,—,3502918173250,3509924009596,backfill_est
2026-09-21,2026-09-21 16:45:00,FIH,富智康,2038.HK,HKD,2026-09-21,16.21,16.42,-1.279,782836330,current,12689776193,4.0546,Yahoo 歷史匯率（回補）,51451558116,52118114491,backfill_est
2026-09-21,2026-09-21 16:45:00,FII,工業富聯,601138.SS,CNY,2026-09-21,63.6,62.71,1.419,19844092284,current,1262084238983,4.7494,Yahoo 歷史匯率（回補）,5994141303667,5910261079929,backfill_est
2026-09-21,2026-09-21 16:45:00,FIT,鴻騰精密,6088.HK,HKD,2026-09-21,5.41,5.415,-0.092,7110873347,current,38469823722,4.0546,Yahoo 歷史匯率（回補）,155978509070,156122669960,backfill_est
2026-09-21,2026-09-21 16:45:00,FVT,鴻華先進,2258.TW,TWD,2026-09-21,31.35,31.75,-1.26,1744325100,current,54684592550,1.0,—,54684592550,55382321925,backfill_est
2026-09-22,2026-09-22 16:45:00,FHH,鴻海精密,2317.TW,TWD,2026-09-22,253.0,250.0,1.2,14011672693,current,3544953191329,1.0,—,3544953191329,3502918173250,backfill_est
2026-09-22,2026-09-22 16:45:00,FIH,富智康,2038.HK,HKD,2026-09-22,15.86,16.21,-2.159,782836330,current,12415783925,4.0456,Yahoo 歷史匯率（回補）,50229643968,51338114777,backfill_est
2026-09-22,2026-09-22 16:45:00,FII,工業富聯,601138.SS,CNY,2026-09-22,63.3,63.6,-0.472,19844092284,current,1256131026437,4.7404,Yahoo 歷史匯率（回補）,5954563311533,5982783919306,backfill_est
2026-09-22,2026-09-22 16:45:00,FIT,鴻騰精密,6088.HK,HKD,2026-09-22,5.62,5.41,3.882,7110873347,current,39963107396,4.0456,Yahoo 歷史匯率（回補）,161675869080,155634598731,backfill_est
2026-09-22,2026-09-22 16:45:00,FVT,鴻華先進,2258.TW,TWD,2026-09-22,30.9,31.35,-1.435,1744325100,current,53899644925,1.0,—,53899644925,54684592550,backfill_est
2026-09-23,2026-09-23 16:45:00,FHH,鴻海精密,2317.TW,TWD,2026-09-23,256.0,253.0,1.186,14011672693,current,3586988209408,1.0,—,3586988209408,3544953191329,backfill_est
2026-09-23,2026-09-23 16:45:00,FIH,富智康,2038.HK,HKD,2026-09-23,15.25,15.86,-3.846,782836330,current,11938254032,4.0392,Yahoo 歷史匯率（回補）,48221329511,50150181606,backfill_est
2026-09-23,2026-09-23 16:45:00,FII,工業富聯,601138.SS,CNY,2026-09-23,62.98,63.3,-0.506,19844092284,current,1249780922962,4.7286,Yahoo 歷史匯率（回補）,5909671349803,5939698232023,backfill_est
2026-09-23,2026-09-23 16:45:00,FIT,鴻騰精密,6088.HK,HKD,2026-09-23,5.595,5.62,-0.445,7110873347,current,39785334885,4.0392,Yahoo 歷史匯率（回補）,160702037163,161420100864,backfill_est
2026-09-23,2026-09-23 16:45:00,FVT,鴻華先進,2258.TW,TWD,2026-09-23,30.6,30.9,-0.971,1744325100,current,53376348725,1.0,—,53376348725,53899644925,backfill_est
2026-09-24,2026-09-24 16:45:00,FHH,鴻海精密,2317.TW,TWD,2026-09-24,250.5,256.0,-2.148,14011672693,current,3509924009596,1.0,—,3509924009596,3586988209408,backfill_est
2026-09-24,2026-09-24 16:45:00,FIH,富智康,2038.HK,HKD,2026-09-24,15.09,15.25,-1.049,782836330,current,11813000339,4.0534,Yahoo 歷史匯率（回補）,47882663956,48390365669,backfill_est
2026-09-24,2026-09-24 16:45:00,FII,工業富聯,601138.SS,CNY,2026-09-24,61.0,62.98,-3.144,19844092284,current,1210489629324,4.7369,Yahoo 歷史匯率（回補）,5733912267952,5920029377227,backfill_est
2026-09-24,2026-09-24 16:45:00,FIT,鴻騰精密,6088.HK,HKD,2026-09-24,5.38,5.595,-3.843,7110873347,current,38256499421,4.0534,Yahoo 歷史匯率（回補）,155068403732,161265365779,backfill_est
2026-09-24,2026-09-24 16:45:00,FVT,鴻華先進,2258.TW,TWD,2026-09-24,30.5,30.6,-0.327,1744325100,current,53201915550,1.0,—,53201915550,53376348725,backfill_est
2026-09-25,2026-09-25 16:45:00,FHH,鴻海精密,2317.TW,TWD,2026-09-25,250.5,250.5,0.0,14011672693,current,3509924009596,1.0,—,3509924009596,3509924009596,backfill_est
2026-09-25,2026-09-25 16:45:00,FIH,富智康,2038.HK,HKD,2026-09-25,15.08,15.09,-0.066,782836330,current,11805171797,4.0556,Yahoo 歷史匯率（回補）,47876865311,47908614622,backfill_est
2026-09-25,2026-09-25 16:45:00,FII,工業富聯,601138.SS,CNY,2026-09-25,61.0,61.0,0.0,19844092284,current,1210489629324,4.7393,Yahoo 歷史匯率（回補）,5736924602423,5736924602423,backfill_est
2026-09-25,2026-09-25 16:45:00,FIT,鴻騰精密,6088.HK,HKD,2026-09-25,5.18,5.38,-3.717,7110873347,current,36834322717,4.0556,Yahoo 歷史匯率（回補）,149384688161,155152445181,backfill_est
2026-09-25,2026-09-25 16:45:00,FVT,鴻華先進,2258.TW,TWD,2026-09-25,30.5,30.5,0.0,1744325100,current,53201915550,1.0,—,53201915550,53201915550,backfill_est
2026-09-28,2026-09-28 16:45:00,FHH,鴻海精密,2317.TW,TWD,2026-09-28,250.5,250.5,0.0,14011672693,current,3509924009596,1.0,—,3509924009596,3509924009596,backfill_est
2026-09-28,2026-09-28 16:45:00,FIH,富智康,2038.HK,HKD,2026-09-28,14.41,15.08,-4.443,782836330,current,11280671396,4.0513,Yahoo 歷史匯率（回補）,45700943495,47825831486,backfill_est
2026-09-28,2026-09-28 16:45:00,FII,工業富聯,601138.SS,CNY,2026-09-28,58.92,61.0,-3.41,19844092284,current,1169213881038,4.734,Yahoo 歷史匯率（回補）,5535111558732,5730512823753,backfill_est
2026-09-28,2026-09-28 16:45:00,FIT,鴻騰精密,6088.HK,HKD,2026-09-28,4.97,5.18,-4.054,7110873347,current,35341039043,4.0513,Yahoo 歷史匯率（回補）,143175771342,149225453175,backfill_est
2026-09-28,2026-09-28 16:45:00,FVT,鴻華先進,2258.TW,TWD,2026-09-28,30.5,30.5,0.0,1744325100,current,53201915550,1.0,—,53201915550,53201915550,backfill_est
2026-09-29,2026-09-29 22:59:33,FHH,鴻海精密,2317.TW,TWD,2026-09-29,250.5,250.5,0.0,14011672693,yahoo,3509924009596,1.0,—,3509924009596,3509924009596,close
2026-09-29,2026-09-29 22:59:33,FIH,富智康,2038.HK,HKD,2026-09-29,14.58,14.41,1.18,782836330,yahoo,11413753632,4.062,Yahoo Finance 匯率（備援）,46362667252,45822087210,close
2026-09-29,2026-09-29 22:59:33,FII,工業富聯,601138.SS,CNY,2026-09-29,58.42,58.92,-0.849,19844092284,yahoo,1159291834896,4.7494,Yahoo Finance 匯率（備援）,5505940640653,5553064406600,close
2026-09-29,2026-09-29 22:59:33,FIT,鴻騰精密,6088.HK,HKD,2026-09-29,4.925,4.97,-0.905,7110873347,yahoo,35021052590,4.062,Yahoo Finance 匯率（備援）,142255515622,143555300591,close
2026-09-29,2026-09-29 22:59:33,FVT,鴻華先進,2258.TW,TWD,2026-09-29,30.95,30.5,1.475,1744325100,yahoo,53986863176,1.0,—,53986863176,53201915550,close
